Frame;Time(s);abdomenUpper_T_glob;abdomenUpper_T_glob;abdomenUpper_T_glob;chestLower_T_glob;chestLower_T_glob;chestLower_T_glob;chestUpper_T_glob;chestUpper_T_glob;chestUpper_T_glob;neckLower_T_glob;neckLower_T_glob;neckLower_T_glob;neckUpper_T_glob;neckUpper_T_glob;neckUpper_T_glob;head_T_glob;head_T_glob;head_T_glob;rEar_T_glob;rEar_T_glob;rEar_T_glob;lEar_T_glob;lEar_T_glob;lEar_T_glob;rEye_T_glob;rEye_T_glob;rEye_T_glob;lEye_T_glob;lEye_T_glob;lEye_T_glob;rCollar_T_glob;rCollar_T_glob;rCollar_T_glob;rShldrBend_T_glob;rShldrBend_T_glob;rShldrBend_T_glob;rShldrTwist_T_glob;rShldrTwist_T_glob;rShldrTwist_T_glob;rForearmBend_T_glob;rForearmBend_T_glob;rForearmBend_T_glob;rForearmTwist_T_glob;rForearmTwist_T_glob;rForearmTwist_T_glob;rHand_T_glob;rHand_T_glob;rHand_T_glob;rCarpal4_T_glob;rCarpal4_T_glob;rCarpal4_T_glob;rPinky1_T_glob;rPinky1_T_glob;rPinky1_T_glob;rPinky2_T_glob;rPinky2_T_glob;rPinky2_T_glob;rPinky3_T_glob;rPinky3_T_glob;rPinky3_T_glob;rPinky3_end_T_glob;rPinky3_end_T_glob;rPinky3_end_T_glob;rCarpal3_T_glob;rCarpal3_T_glob;rCarpal3_T_glob;rRing1_T_glob;rRing1_T_glob;rRing1_T_glob;rRing2_T_glob;rRing2_T_glob;rRing2_T_glob;rRing3_T_glob;rRing3_T_glob;rRing3_T_glob;rRing3_end_T_glob;rRing3_end_T_glob;rRing3_end_T_glob;rCarpal2_T_glob;rCarpal2_T_glob;rCarpal2_T_glob;rMid1_T_glob;rMid1_T_glob;rMid1_T_glob;rMid2_T_glob;rMid2_T_glob;rMid2_T_glob;rMid3_T_glob;rMid3_T_glob;rMid3_T_glob;rMid3_end_T_glob;rMid3_end_T_glob;rMid3_end_T_glob;rCarpal1_T_glob;rCarpal1_T_glob;rCarpal1_T_glob;rIndex1_T_glob;rIndex1_T_glob;rIndex1_T_glob;rIndex2_T_glob;rIndex2_T_glob;rIndex2_T_glob;rIndex3_T_glob;rIndex3_T_glob;rIndex3_T_glob;rIndex3_end_T_glob;rIndex3_end_T_glob;rIndex3_end_T_glob;rThumb1_T_glob;rThumb1_T_glob;rThumb1_T_glob;rThumb2_T_glob;rThumb2_T_glob;rThumb2_T_glob;rThumb3_T_glob;rThumb3_T_glob;rThumb3_T_glob;rThumb3_end_T_glob;rThumb3_end_T_glob;rThumb3_end_T_glob;lCollar_T_glob;lCollar_T_glob;lCollar_T_glob;lShldrBend_T_glob;lShldrBend_T_glob;lShldrBend_T_glob;lShldrTwist_T_glob;lShldrTwist_T_glob;lShldrTwist_T_glob;lForearmBend_T_glob;lForearmBend_T_glob;lForearmBend_T_glob;lForearmTwist_T_glob;lForearmTwist_T_glob;lForearmTwist_T_glob;lHand_T_glob;lHand_T_glob;lHand_T_glob;lCarpal4_T_glob;lCarpal4_T_glob;lCarpal4_T_glob;lPinky1_T_glob;lPinky1_T_glob;lPinky1_T_glob;lPinky2_T_glob;lPinky2_T_glob;lPinky2_T_glob;lPinky3_T_glob;lPinky3_T_glob;lPinky3_T_glob;lPinky3_end_T_glob;lPinky3_end_T_glob;lPinky3_end_T_glob;lCarpal3_T_glob;lCarpal3_T_glob;lCarpal3_T_glob;lRing1_T_glob;lRing1_T_glob;lRing1_T_glob;lRing2_T_glob;lRing2_T_glob;lRing2_T_glob;lRing3_T_glob;lRing3_T_glob;lRing3_T_glob;lRing3_end_T_glob;lRing3_end_T_glob;lRing3_end_T_glob;lCarpal2_T_glob;lCarpal2_T_glob;lCarpal2_T_glob;lMid1_T_glob;lMid1_T_glob;lMid1_T_glob;lMid2_T_glob;lMid2_T_glob;lMid2_T_glob;lMid3_T_glob;lMid3_T_glob;lMid3_T_glob;lMid3_end_T_glob;lMid3_end_T_glob;lMid3_end_T_glob;lCarpal1_T_glob;lCarpal1_T_glob;lCarpal1_T_glob;lIndex1_T_glob;lIndex1_T_glob;lIndex1_T_glob;lIndex2_T_glob;lIndex2_T_glob;lIndex2_T_glob;lIndex3_T_glob;lIndex3_T_glob;lIndex3_T_glob;lIndex3_end_T_glob;lIndex3_end_T_glob;lIndex3_end_T_glob;lThumb1_T_glob;lThumb1_T_glob;lThumb1_T_glob;lThumb2_T_glob;lThumb2_T_glob;lThumb2_T_glob;lThumb3_T_glob;lThumb3_T_glob;lThumb3_T_glob;lThumb3_end_T_glob;lThumb3_end_T_glob;lThumb3_end_T_glob;pelvis_T_glob;pelvis_T_glob;pelvis_T_glob;rThighBend_T_glob;rThighBend_T_glob;rThighBend_T_glob;rThighTwist_T_glob;rThighTwist_T_glob;rThighTwist_T_glob;rShin_T_glob;rShin_T_glob;rShin_T_glob;rFoot_T_glob;rFoot_T_glob;rFoot_T_glob;lThighBend_T_glob;lThighBend_T_glob;lThighBend_T_glob;lThighTwist_T_glob;lThighTwist_T_glob;lThighTwist_T_glob;lShin_T_glob;lShin_T_glob;lShin_T_glob;lFoot_T_glob;lFoot_T_glob;lFoot_T_glob
;;X;Y;Z;X;Y;Z;X;Y;Z;X;Y;Z;X;Y;Z;X;Y;Z;X;Y;Z;X;Y;Z;X;Y;Z;X;Y;Z;X;Y;Z;X;Y;Z;X;Y;Z;X;Y;Z;X;Y;Z;X;Y;Z;X;Y;Z;X;Y;Z;X;Y;Z;X;Y;Z;X;Y;Z;X;Y;Z;X;Y;Z;X;Y;Z;X;Y;Z;X;Y;Z;X;Y;Z;X;Y;Z;X;Y;Z;X;Y;Z;X;Y;Z;X;Y;Z;X;Y;Z;X;Y;Z;X;Y;Z;X;Y;Z;X;Y;Z;X;Y;Z;X;Y;Z;X;Y;Z;X;Y;Z;X;Y;Z;X;Y;Z;X;Y;Z;X;Y;Z;X;Y;Z;X;Y;Z;X;Y;Z;X;Y;Z;X;Y;Z;X;Y;Z;X;Y;Z;X;Y;Z;X;Y;Z;X;Y;Z;X;Y;Z;X;Y;Z;X;Y;Z;X;Y;Z;X;Y;Z;X;Y;Z;X;Y;Z;X;Y;Z;X;Y;Z;X;Y;Z;X;Y;Z;X;Y;Z;X;Y;Z;X;Y;Z;X;Y;Z;X;Y;Z;X;Y;Z;X;Y;Z;X;Y;Z;X;Y;Z;X;Y;Z;X;Y;Z;X;Y;Z;X;Y;Z;
1288.000;51.520;-0.105;7.719;-1.049;-0.116;15.077;-0.203;-0.025;28.222;3.611;-0.174;44.104;4.357;-0.011;48.063;7.462;0.386;54.520;8.419;-6.452;58.664;9.155;7.322;58.560;8.677;-2.580;60.731;16.478;3.998;60.682;16.250;-1.771;39.036;2.608;-15.719;37.182;4.423;-20.526;24.281;2.428;-25.839;10.021;0.223;-21.125;9.520;12.154;-15.767;8.911;26.167;-16.250;7.270;27.010;-13.600;5.879;33.808;-12.451;6.335;35.951;-11.290;6.516;38.349;-10.606;6.836;39.841;-16.328;8.112;27.036;-14.853;8.088;34.307;-12.804;8.769;37.859;-11.294;9.336;40.338;-10.240;9.690;42.054;-15.617;9.398;26.684;-14.839;10.614;34.513;-12.827;10.907;38.034;-10.862;11.562;40.755;-9.835;11.880;42.635;-15.873;10.426;26.396;-14.505;12.906;33.757;-12.319;13.330;36.890;-10.469;13.571;39.046;-9.095;13.424;40.580;-14.668;11.040;28.008;-13.958;14.258;29.644;-12.368;15.372;31.646;-12.172;17.956;32.691;1.456;39.070;2.543;15.648;36.185;3.665;20.549;22.649;1.569;25.965;7.689;-0.748;21.664;9.256;11.165;16.722;10.871;25.821;16.593;9.203;26.977;15.872;8.253;33.493;14.795;8.010;36.222;13.251;8.002;38.294;12.321;8.173;39.713;16.720;10.108;27.001;17.155;10.373;33.561;15.542;10.436;37.657;13.684;10.651;40.374;12.398;10.897;42.011;16.389;11.394;27.121;17.487;12.619;33.967;16.067;12.900;38.379;14.253;13.098;40.806;12.899;13.488;42.477;16.457;12.275;26.862;17.269;15.153;33.563;16.461;15.790;37.286;15.181;15.776;39.537;13.896;15.915;41.353;15.979;13.222;27.293;16.475;16.603;29.075;16.632;18.229;31.899;17.002;20.836;32.699;0.000;0.000;0.000;-7.382;-12.225;2.158;-9.314;-24.953;19.816;-11.578;-39.897;40.545;-10.122;-71.670;7.003;7.755;-12.322;0.668;12.405;-25.574;18.239;17.860;-41.133;38.866;12.070;-71.567;5.290
1289.000;51.560;-0.106;7.717;-1.056;-0.121;15.076;-0.219;-0.038;28.224;3.578;-0.194;44.107;4.307;-0.034;48.069;7.412;0.362;54.527;8.371;-6.475;58.673;9.110;7.299;58.565;8.619;-2.595;60.745;16.428;3.982;60.694;16.194;-1.789;39.036;2.564;-15.736;37.180;4.379;-20.543;24.275;2.402;-25.857;10.012;0.216;-21.155;9.550;12.155;-15.814;8.990;26.175;-16.280;7.343;27.024;-13.606;5.999;33.797;-12.436;6.498;35.935;-11.228;6.707;38.311;-10.525;7.052;39.788;-16.379;8.183;27.053;-14.867;8.166;34.310;-12.792;8.895;37.825;-11.299;9.462;40.314;-10.240;9.819;42.027;-15.669;9.474;26.695;-14.926;10.706;34.510;-12.857;11.014;37.999;-10.873;11.668;40.702;-9.826;12.013;42.566;-15.934;10.497;26.406;-14.608;12.994;33.756;-12.407;13.416;36.878;-10.567;13.671;39.016;-9.176;13.538;40.536;-14.793;11.118;28.056;-13.810;14.289;29.693;-12.200;15.383;31.630;-11.852;18.030;32.456;1.438;39.071;2.499;15.632;36.199;3.624;20.548;22.662;1.560;25.980;7.699;-0.721;21.653;9.259;11.189;16.676;10.873;25.846;16.562;9.198;26.995;15.845;8.247;33.506;14.775;7.986;36.235;13.220;7.967;38.306;12.282;8.126;39.722;16.677;10.105;27.019;17.101;10.362;33.581;15.467;10.415;37.668;13.565;10.620;40.358;12.252;10.841;41.978;16.336;11.372;27.150;17.375;12.630;33.988;15.936;12.883;38.384;14.102;13.069;40.792;12.715;13.439;42.441;16.390;12.254;26.890;17.148;15.158;33.585;16.289;15.777;37.295;14.978;15.742;39.523;13.663;15.846;41.319;15.923;13.200;27.299;16.359;16.596;29.097;16.541;18.209;31.926;16.827;20.822;32.740;0.000;0.000;0.000;-7.383;-12.223;2.169;-9.315;-24.949;19.829;-11.579;-39.889;40.560;-10.124;-71.670;7.021;7.755;-12.321;0.678;12.403;-25.568;18.253;17.857;-41.121;38.884;12.062;-71.561;5.312
1290.000;51.600;-0.109;7.715;-1.067;-0.127;15.073;-0.243;-0.052;28.224;3.526;-0.220;44.108;4.248;-0.057;48.073;7.365;0.348;54.528;8.352;-6.485;58.679;9.096;7.287;58.563;8.572;-2.587;60.772;16.398;3.990;60.716;16.147;-1.811;39.035;2.507;-15.759;37.178;4.347;-20.554;24.281;2.409;-25.853;10.028;0.267;-21.118;9.655;12.196;-15.736;9.207;26.205;-16.186;7.556;27.058;-13.403;6.275;33.794;-12.202;6.864;35.908;-10.990;7.159;38.247;-10.221;7.547;39.680;-16.325;8.389;27.096;-14.790;8.371;34.336;-12.622;9.071;37.796;-11.101;9.673;40.274;-10.060;10.036;41.996;-15.611;9.715;26.720;-14.927;10.913;34.527;-12.756;11.275;37.946;-10.742;11.943;40.631;-9.674;12.300;42.481;-15.922;10.724;26.433;-14.700;13.227;33.768;-12.438;13.656;36.850;-10.553;13.909;38.984;-9.192;13.786;40.532;-14.823;11.356;28.135;-13.452;14.446;29.780;-11.774;15.501;31.554;-11.264;18.204;32.044;1.416;39.072;2.442;15.609;36.222;3.566;20.563;22.691;1.543;26.039;7.736;-0.694;21.644;9.219;11.211;16.584;10.742;25.866;16.498;9.064;27.008;15.795;8.046;33.512;14.751;7.764;36.235;13.206;7.729;38.306;12.252;7.871;39.713;16.601;9.972;27.034;17.026;10.209;33.596;15.428;10.227;37.680;13.441;10.378;40.339;12.108;10.550;41.949;16.236;11.202;27.188;17.228;12.467;34.011;15.791;12.672;38.401;13.926;12.818;40.783;12.483;13.175;42.386;16.266;12.085;26.930;16.978;15.002;33.619;16.100;15.564;37.320;14.765;15.516;39.534;13.385;15.579;41.283;15.769;13.045;27.297;16.151;16.443;29.148;16.285;18.041;32.031;16.525;20.660;32.838;0.000;0.000;0.000;-7.378;-12.223;2.183;-9.304;-24.945;19.843;-11.560;-39.880;40.573;-10.121;-71.662;7.039;7.760;-12.318;0.693;12.409;-25.563;18.269;17.864;-41.112;38.901;12.077;-71.555;5.327
1291.000;51.640;-0.112;7.717;-1.086;-0.138;15.082;-0.283;-0.081;28.251;3.446;-0.284;44.132;4.197;-0.119;48.088;7.361;0.296;54.515;8.468;-6.520;58.694;9.203;7.248;58.532;8.594;-2.570;60.864;16.455;4.005;60.787;16.164;-1.866;39.059;2.449;-15.811;37.242;4.341;-20.536;24.329;2.562;-25.757;10.057;0.596;-20.924;10.112;12.454;-15.424;10.177;26.379;-15.765;8.481;27.239;-12.720;7.474;33.907;-11.438;8.171;35.913;-10.054;8.588;38.152;-9.185;9.086;39.491;-15.988;9.296;27.294;-14.348;9.316;34.499;-12.019;10.123;37.839;-10.564;10.779;40.315;-9.512;11.174;42.023;-15.358;10.696;26.887;-14.771;11.852;34.699;-12.515;12.276;38.059;-10.469;13.086;40.668;-9.340;13.490;42.471;-15.740;11.665;26.606;-14.777;14.200;33.949;-12.449;14.743;37.026;-10.606;15.177;39.140;-9.230;15.146;40.679;-14.622;12.374;28.366;-12.804;15.262;30.010;-10.818;15.997;31.690;-9.977;18.612;32.206;1.361;39.104;2.380;15.563;36.307;3.512;20.610;22.795;1.569;26.188;7.860;-0.578;21.566;9.151;11.293;16.231;10.453;25.916;16.220;8.748;27.020;15.640;7.615;33.500;14.565;7.288;36.222;13.015;7.183;38.280;12.056;7.279;39.688;16.285;9.659;27.058;16.808;9.801;33.620;15.138;9.703;37.676;13.043;9.744;40.265;11.642;9.858;41.822;15.861;10.892;27.260;16.912;12.075;34.056;15.422;12.148;38.441;13.413;12.167;40.729;11.852;12.429;42.236;15.863;11.779;27.014;16.528;14.571;33.720;15.635;15.045;37.404;14.197;14.820;39.573;12.730;14.813;41.250;15.300;12.693;27.356;15.515;16.068;29.325;15.501;17.565;32.328;15.353;20.088;33.414;0.000;0.000;0.000;-7.376;-12.220;2.209;-9.297;-24.934;19.868;-11.549;-39.861;40.597;-10.123;-71.651;7.070;7.762;-12.314;0.722;12.406;-25.556;18.299;17.855;-41.101;38.933;12.080;-71.540;5.357
1292.000;51.680;-0.116;7.731;-1.120;-0.154;15.117;-0.344;-0.131;28.332;3.344;-0.367;44.209;4.164;-0.194;48.130;7.409;0.230;54.476;8.738;-6.563;58.696;9.466;7.197;58.467;8.712;-2.526;60.990;16.631;4.045;60.881;16.271;-1.943;39.140;2.400;-15.878;37.361;4.433;-20.508;24.360;3.102;-25.626;9.991;1.630;-20.517;11.173;13.238;-14.673;12.596;26.856;-14.981;10.911;27.858;-11.863;10.618;34.518;-10.469;11.714;36.332;-9.004;12.478;38.374;-8.045;13.290;39.478;-15.285;11.700;27.863;-13.696;12.325;35.030;-11.196;13.563;38.086;-9.669;14.459;40.463;-8.616;15.002;42.130;-14.630;13.070;27.386;-14.349;14.839;35.005;-12.015;15.707;38.197;-9.945;16.812;40.672;-8.756;17.467;42.360;-15.019;14.011;26.993;-14.527;17.143;34.080;-12.305;18.137;37.113;-10.484;18.862;39.200;-9.179;19.071;40.787;-14.000;14.873;28.740;-11.903;17.637;30.368;-9.838;18.067;32.038;-8.458;20.454;32.488;1.283;39.192;2.319;15.492;36.485;3.464;20.708;23.001;1.729;26.472;8.098;-0.188;21.331;8.960;11.570;15.349;9.756;26.083;15.574;8.096;27.146;15.138;6.753;33.568;14.062;6.297;36.265;12.440;5.996;38.244;11.385;6.009;39.584;15.556;9.008;27.204;16.099;9.055;33.748;14.237;8.640;37.701;11.892;8.448;40.061;10.347;8.325;41.474;14.973;10.060;27.477;15.886;11.318;34.203;14.183;11.100;38.505;12.056;10.824;40.634;10.325;10.847;41.970;14.844;10.941;27.245;15.206;13.721;33.938;14.166;13.896;37.606;12.681;13.411;39.670;11.130;13.149;41.249;14.298;11.827;27.554;13.744;15.075;29.776;13.331;16.265;32.927;12.481;18.288;34.589;0.000;0.000;0.000;-7.376;-12.212;2.254;-9.303;-24.909;19.914;-11.561;-39.816;40.645;-10.130;-71.631;7.139;7.764;-12.310;0.779;12.391;-25.542;18.361;17.821;-41.077;39.001;12.076;-71.520;5.426
1293.000;51.720;-0.118;7.743;-1.169;-0.170;15.151;-0.436;-0.185;28.419;3.183;-0.481;44.293;4.037;-0.288;48.177;7.420;0.162;54.390;9.121;-6.614;58.634;9.867;7.133;58.370;8.911;-2.466;61.064;16.924;4.098;60.938;16.467;-2.048;39.222;2.273;-15.951;37.435;4.520;-20.431;24.272;4.142;-25.382;9.723;3.724;-19.983;12.846;14.745;-13.769;16.568;27.638;-14.091;15.008;28.923;-11.288;16.159;35.543;-9.890;17.700;36.958;-8.196;19.037;38.519;-7.148;20.092;39.283;-14.425;15.769;28.763;-13.208;17.792;35.693;-10.548;19.770;38.137;-8.949;21.237;40.151;-7.780;22.179;41.539;-13.729;17.073;28.160;-14.046;20.118;35.152;-11.459;21.650;37.901;-9.323;23.307;39.949;-8.040;24.259;41.411;-14.067;17.916;27.541;-14.254;22.271;33.790;-12.013;23.883;36.528;-10.234;25.048;38.407;-8.849;25.629;39.823;-13.279;19.001;29.102;-11.139;21.857;30.577;-9.117;22.399;32.356;-7.512;24.685;32.450;1.177;39.287;2.171;15.391;36.717;3.363;20.800;23.252;2.045;26.778;8.369;0.587;20.870;8.508;12.102;13.950;8.440;26.341;14.304;6.742;27.359;13.880;5.050;33.623;12.772;4.290;36.272;11.106;3.639;38.133;9.993;3.409;39.404;14.113;7.631;27.447;14.292;7.445;33.996;12.168;6.565;37.728;9.722;5.774;39.845;8.082;5.380;41.092;13.479;8.577;27.712;13.669;9.633;34.522;11.703;8.965;38.673;9.462;8.229;40.576;7.635;7.883;41.725;13.209;9.432;27.499;12.608;11.857;34.306;11.236;11.654;37.892;9.697;10.811;39.802;8.130;10.140;41.238;12.410;10.188;27.854;10.849;12.903;30.338;9.828;13.541;33.536;8.227;14.794;35.391;0.000;0.000;0.000;-7.381;-12.195;2.327;-9.321;-24.876;19.986;-11.594;-39.764;40.714;-10.154;-71.605;7.238;7.758;-12.308;0.853;12.356;-25.520;18.444;17.750;-41.030;39.095;12.060;-71.496;5.523
1294.000;51.760;-0.120;7.741;-1.228;-0.180;15.161;-0.553;-0.217;28.468;2.957;-0.563;44.342;3.812;-0.352;48.193;7.367;0.109;54.239;9.522;-6.650;58.498;10.331;7.078;58.210;9.135;-2.377;61.019;17.280;4.179;60.881;16.709;-2.125;39.264;2.060;-16.011;37.482;4.533;-20.195;24.197;5.678;-24.821;9.514;6.943;-19.306;15.030;16.811;-12.928;21.555;28.285;-13.457;20.350;29.897;-11.219;23.232;36.094;-9.732;25.111;36.870;-8.008;26.834;37.839;-6.918;28.076;38.095;-13.803;21.026;29.523;-13.215;24.724;35.668;-10.405;27.250;37.316;-8.714;29.212;38.742;-7.526;30.519;39.772;-12.896;22.135;28.766;-14.018;26.727;34.418;-11.345;28.839;36.591;-9.182;30.982;38.028;-7.832;32.281;39.115;-13.112;22.771;27.915;-14.155;28.492;32.569;-11.906;30.754;34.793;-10.131;32.356;36.307;-8.804;33.282;37.589;-12.552;24.145;29.204;-10.567;27.177;30.394;-8.791;28.010;32.315;-6.977;30.135;32.280;1.099;39.341;1.934;15.311;36.894;3.218;20.914;23.437;2.556;27.107;8.563;1.825;20.159;8.018;12.816;11.915;7.113;26.438;12.383;5.401;27.321;11.425;2.838;33.231;10.214;1.488;35.554;8.593;0.248;37.114;7.453;-0.372;38.221;12.041;6.235;27.472;11.290;5.199;33.918;8.962;3.337;37.103;6.504;1.803;38.782;4.908;0.924;39.820;11.251;7.088;27.721;10.234;7.195;34.582;7.944;5.541;38.252;5.704;4.198;39.792;3.881;3.416;40.711;10.880;7.916;27.561;8.764;9.205;34.409;6.893;8.215;37.602;5.348;6.867;39.134;3.726;5.760;40.187;9.920;8.394;27.878;7.269;9.963;30.480;5.670;9.446;33.482;3.543;9.702;35.209;0.000;0.000;0.000;-7.384;-12.173;2.431;-9.332;-24.841;20.088;-11.615;-39.713;40.816;-10.171;-71.562;7.338;7.752;-12.307;0.926;12.328;-25.491;18.526;17.697;-40.969;39.186;12.044;-71.455;5.623
1295.000;51.800;-0.119;7.730;-1.290;-0.180;15.154;-0.679;-0.224;28.486;2.713;-0.613;44.361;3.530;-0.390;48.190;7.242;0.056;54.070;9.809;-6.679;58.338;10.759;7.023;58.030;9.301;-2.269;60.831;17.632;4.274;60.684;16.936;-2.173;39.274;1.803;-16.036;37.492;4.476;-19.791;24.308;7.551;-23.940;9.738;10.950;-18.507;17.454;19.152;-12.161;26.549;28.608;-12.992;25.836;30.379;-11.625;30.233;35.719;-10.018;32.122;35.981;-8.216;34.036;36.327;-7.036;35.218;36.263;-13.290;26.372;29.795;-13.563;31.456;34.652;-10.632;34.183;35.608;-8.880;36.417;36.480;-7.698;37.930;37.184;-12.226;27.214;28.993;-14.156;32.999;32.729;-11.566;35.542;34.347;-9.326;37.865;35.383;-7.996;39.373;36.187;-12.256;27.595;27.970;-13.984;34.205;30.539;-11.841;36.934;32.219;-10.054;38.820;33.381;-8.771;40.016;34.470;-11.839;29.096;28.912;-10.161;32.425;29.756;-8.821;33.790;31.763;-6.865;35.781;31.897;1.050;39.360;1.653;15.251;37.003;3.004;21.024;23.550;3.270;27.404;8.680;3.564;19.166;7.590;13.689;9.322;6.028;26.262;9.900;4.378;27.156;7.959;1.101;32.454;6.494;-0.715;34.227;4.895;-2.392;35.355;3.763;-3.319;36.232;9.416;5.145;27.269;7.308;3.293;33.255;4.553;0.616;35.320;2.228;-1.496;36.376;0.682;-2.760;37.018;8.392;5.842;27.389;5.789;5.117;33.749;3.012;2.719;36.541;0.787;0.923;37.489;-1.016;-0.207;37.987;7.932;6.614;27.183;4.095;6.894;33.300;1.634;5.079;35.640;0.006;3.326;36.642;-1.563;1.913;37.353;6.883;6.767;27.319;3.344;7.016;29.223;1.430;5.564;31.658;-0.975;4.906;32.824;0.000;0.000;0.000;-7.391;-12.144;2.550;-9.326;-24.803;20.203;-11.593;-39.666;40.926;-10.177;-71.515;7.449;7.740;-12.309;1.002;12.319;-25.464;18.602;17.691;-40.908;39.264;12.038;-71.419;5.723
1296.000;51.840;-0.117;7.714;-1.343;-0.181;15.136;-0.791;-0.233;28.481;2.481;-0.675;44.358;3.234;-0.434;48.172;7.060;0.021;53.908;9.937;-6.690;58.166;11.082;6.983;57.869;9.367;-2.152;60.539;17.914;4.377;60.397;17.095;-2.229;39.258;1.540;-16.034;37.444;4.444;-19.228;24.703;9.523;-22.758;10.621;15.138;-17.560;19.978;21.488;-11.409;30.922;28.751;-12.645;30.671;30.431;-12.479;36.406;34.362;-10.812;38.220;34.360;-8.972;40.199;34.394;-7.799;41.382;34.245;-12.795;30.998;29.665;-14.106;37.131;32.604;-11.212;39.958;33.216;-9.484;42.327;33.686;-8.341;43.973;34.096;-11.574;31.692;28.928;-14.229;38.005;30.249;-11.853;40.844;31.587;-9.703;43.365;32.213;-8.403;45.001;32.781;-11.400;31.736;27.882;-13.568;38.566;27.885;-11.474;41.525;29.245;-9.767;43.605;30.204;-8.615;45.033;31.151;-11.163;33.426;28.372;-9.763;36.900;28.784;-9.048;38.843;30.566;-7.306;40.983;31.004;0.992;39.356;1.365;15.180;37.059;2.737;21.067;23.662;4.172;27.574;8.855;5.757;17.958;7.359;14.636;6.463;5.326;25.724;7.026;3.642;26.812;3.637;0.238;31.347;1.847;-1.614;32.720;0.137;-3.358;33.494;-1.122;-4.334;34.103;6.462;4.353;26.707;2.556;2.399;31.818;-0.624;-0.382;32.881;-3.081;-2.564;33.301;-4.701;-3.870;33.563;5.150;5.144;26.484;0.906;4.105;31.857;-2.532;1.560;33.592;-4.837;-0.331;33.912;-6.654;-1.545;33.954;4.734;5.897;26.157;-0.717;5.714;30.805;-3.650;3.670;32.235;-5.370;1.868;32.953;-7.019;0.421;33.344;3.821;5.717;26.060;-0.123;5.298;26.786;-2.331;3.330;28.560;-4.857;2.340;29.024;0.000;0.000;0.000;-7.397;-12.120;2.646;-9.300;-24.761;20.302;-11.529;-39.602;41.028;-10.161;-71.461;7.556;7.730;-12.309;1.066;12.336;-25.441;18.665;17.740;-40.858;39.325;12.059;-71.395;5.812
1297.000;51.880;-0.122;7.708;-1.386;-0.197;15.134;-0.879;-0.280;28.497;2.310;-0.738;44.377;2.992;-0.458;48.169;6.894;0.021;53.763;10.003;-6.668;57.999;11.343;6.972;57.735;9.384;-2.011;60.247;18.136;4.503;60.121;17.201;-2.304;39.266;1.341;-16.024;37.502;4.597;-18.582;25.439;11.401;-21.410;12.105;18.921;-16.602;22.531;23.568;-10.815;34.654;28.866;-12.390;34.795;30.155;-13.311;41.266;32.336;-11.546;43.050;32.227;-9.766;45.027;32.124;-8.608;46.215;31.918;-12.371;34.888;29.315;-14.434;41.375;30.062;-11.604;44.318;30.503;-10.003;46.779;30.753;-8.911;48.494;30.972;-10.851;35.459;28.691;-13.918;41.522;27.648;-11.846;44.687;28.674;-9.818;47.356;29.150;-8.687;49.161;29.544;-10.457;35.227;27.753;-12.705;41.498;25.405;-10.861;44.752;26.434;-9.428;47.095;27.240;-8.497;48.783;27.978;-10.495;36.943;27.902;-9.383;40.513;27.702;-9.199;42.871;28.936;-7.911;45.321;29.315;0.915;39.368;1.127;15.082;37.100;2.447;20.959;23.847;5.217;27.454;9.198;8.279;16.646;7.596;15.687;3.712;5.434;24.999;4.122;3.736;26.296;-0.488;0.162;29.578;-2.542;-1.684;30.481;-4.403;-3.406;30.909;-5.771;-4.346;31.301;3.601;4.433;26.017;-1.725;2.267;29.609;-5.277;-0.118;30.294;-7.953;-1.952;30.690;-9.722;-3.065;30.866;2.234;5.219;25.318;-3.361;3.914;29.326;-7.154;1.540;30.275;-9.536;-0.265;30.343;-11.386;-1.425;30.246;1.894;5.964;24.899;-4.688;5.413;27.861;-7.888;3.441;28.575;-9.811;1.776;29.067;-11.543;0.397;29.320;1.023;5.651;24.706;-2.892;4.887;24.236;-5.551;3.171;25.553;-7.878;1.823;24.973;0.000;0.000;0.000;-7.396;-12.102;2.729;-9.273;-24.716;20.394;-11.473;-39.525;41.131;-10.149;-71.400;7.660;7.727;-12.307;1.113;12.372;-25.414;18.712;17.822;-40.802;39.372;12.082;-71.364;5.888
1298.000;51.920;-0.125;7.707;-1.415;-0.212;15.138;-0.932;-0.323;28.521;2.217;-0.754;44.403;2.833;-0.429;48.186;6.760;0.060;53.700;9.977;-6.615;57.898;11.492;6.995;57.697;9.327;-1.862;60.033;18.256;4.637;59.937;17.222;-2.347;39.287;1.226;-15.975;37.636;4.817;-17.983;26.334;12.939;-20.202;13.843;21.916;-15.767;24.865;25.204;-10.376;37.621;28.989;-12.153;37.956;29.894;-13.678;44.649;30.170;-11.837;46.372;30.056;-10.138;48.350;29.837;-8.897;49.439;29.570;-11.975;37.843;29.075;-14.243;44.160;27.843;-11.563;47.231;28.163;-10.039;49.749;28.156;-8.998;51.509;28.186;-10.510;38.487;28.740;-13.243;43.757;25.575;-11.357;47.152;26.298;-9.560;49.950;26.572;-8.523;51.836;26.812;-9.859;38.097;28.015;-11.628;43.324;23.752;-10.122;46.820;24.369;-8.842;49.306;24.892;-8.058;51.106;25.530;-9.939;39.714;27.629;-8.837;43.147;26.772;-9.085;45.804;27.580;-7.879;48.319;27.418;0.869;39.385;0.970;14.988;37.149;2.198;20.674;24.147;6.290;26.959;9.776;10.814;15.232;8.159;16.675;1.179;6.043;24.183;1.361;4.505;25.681;-3.700;0.889;28.218;-5.929;-0.920;28.758;-7.811;-2.611;29.003;-9.233;-3.534;29.193;0.884;5.166;25.268;-4.991;2.975;27.846;-8.681;0.833;28.398;-11.507;-0.667;29.019;-13.360;-1.613;29.284;-0.306;5.750;24.244;-6.576;4.484;27.146;-10.562;2.347;27.769;-13.061;0.735;27.954;-14.986;-0.299;27.912;-0.580;6.430;23.687;-7.630;5.815;25.335;-10.874;3.681;25.640;-12.933;2.162;26.034;-14.715;0.850;26.295;-1.451;6.044;23.298;-5.220;5.215;22.213;-7.940;3.319;23.133;-10.260;2.071;22.337;0.000;0.000;0.000;-7.398;-12.086;2.794;-9.257;-24.684;20.464;-11.436;-39.475;41.206;-10.166;-71.345;7.734;7.722;-12.308;1.144;12.400;-25.396;18.741;17.889;-40.761;39.398;12.086;-71.337;5.936
1299.000;51.960;-0.128;7.704;-1.429;-0.211;15.136;-0.963;-0.310;28.524;2.154;-0.701;44.411;2.695;-0.345;48.194;6.611;0.156;53.677;9.842;-6.512;57.843;11.471;7.076;57.695;9.167;-1.695;59.912;18.210;4.794;59.842;17.110;-2.319;39.291;1.126;-15.888;37.778;4.992;-17.498;27.146;14.019;-19.278;15.395;23.996;-15.067;26.708;26.378;-9.883;39.808;29.144;-11.715;40.211;29.818;-13.532;46.730;29.118;-11.735;48.487;28.915;-10.039;50.494;28.590;-8.920;51.697;28.279;-11.447;40.002;29.044;-13.868;45.903;26.721;-11.382;49.117;26.915;-9.849;51.653;26.743;-8.942;53.485;26.660;-10.120;40.568;28.786;-12.668;45.233;24.606;-10.894;48.808;25.207;-9.274;51.672;25.218;-8.283;53.595;25.327;-9.325;40.133;28.190;-10.757;44.655;23.077;-9.427;48.260;23.411;-8.317;50.860;23.716;-7.659;52.753;24.213;-9.392;41.745;27.619;-8.390;45.067;26.377;-8.792;47.732;26.766;-7.732;50.293;26.404;0.895;39.379;0.843;14.965;37.174;2.031;20.344;24.479;7.224;26.290;10.448;12.964;13.974;8.827;17.469;-0.819;6.788;23.381;-0.825;5.561;25.152;-6.236;2.259;27.577;-8.557;0.779;28.333;-10.541;-0.745;28.782;-11.991;-1.597;29.066;-1.246;6.136;24.579;-7.417;4.235;26.682;-11.240;2.411;27.312;-14.248;1.332;28.169;-16.223;0.784;28.617;-2.282;6.413;23.319;-8.907;5.522;25.529;-13.027;3.787;26.279;-15.752;2.576;26.705;-17.816;1.883;26.897;-2.479;6.971;22.614;-9.753;6.410;23.430;-13.134;4.567;23.768;-15.344;3.273;24.380;-17.286;2.291;24.861;-3.468;6.513;22.243;-6.987;5.316;20.791;-9.687;3.660;21.566;-11.978;2.360;20.770;0.000;0.000;0.000;-7.391;-12.082;2.828;-9.232;-24.694;20.483;-11.389;-39.502;41.208;-10.158;-71.365;7.730;7.725;-12.305;1.150;12.445;-25.403;18.735;17.983;-40.779;39.378;12.098;-71.359;5.933
1300.000;52.000;-0.126;7.705;-1.430;-0.199;15.139;-0.980;-0.270;28.529;2.087;-0.612;44.418;2.563;-0.233;48.207;6.452;0.286;53.688;9.653;-6.377;57.846;11.324;7.198;57.713;8.945;-1.525;59.912;18.038;4.957;59.849;16.902;-2.251;39.297;1.022;-15.767;37.916;5.080;-17.090;27.746;14.654;-18.553;16.505;25.235;-14.526;27.961;27.138;-9.555;41.222;29.369;-11.408;41.603;29.957;-13.419;47.994;28.784;-11.742;49.776;28.487;-10.071;51.832;28.144;-8.965;53.037;27.796;-11.109;41.357;29.204;-13.614;47.000;26.451;-11.266;50.323;26.533;-9.902;52.918;26.225;-9.007;54.748;26.053;-9.807;42.005;28.981;-12.360;46.286;24.468;-10.787;49.932;24.837;-9.205;52.840;24.723;-8.307;54.810;24.756;-8.979;41.579;28.461;-10.392;45.645;22.970;-9.229;49.338;23.151;-8.240;52.004;23.314;-7.691;53.942;23.764;-9.068;43.079;27.744;-8.091;46.368;26.282;-8.757;49.114;26.532;-7.646;51.640;26.090;0.962;39.374;0.726;14.972;37.194;1.904;20.018;24.800;7.946;25.595;11.102;14.624;12.953;9.580;18.171;-2.254;7.719;22.972;-2.422;6.763;24.932;-8.131;4.089;27.408;-10.573;2.866;28.297;-12.659;1.547;28.918;-14.186;0.850;29.227;-2.776;7.207;24.215;-9.153;5.760;26.098;-13.118;4.255;26.757;-16.262;3.611;27.582;-18.300;3.346;27.998;-3.695;7.348;22.864;-10.517;6.828;24.612;-14.825;5.586;25.249;-17.655;4.715;25.759;-19.766;4.175;25.930;-3.810;7.777;22.057;-11.194;7.357;22.268;-14.764;5.708;22.537;-17.094;4.797;23.224;-19.147;4.109;23.751;-4.709;7.239;21.611;-8.177;5.856;20.094;-11.016;4.282;20.895;-13.220;2.905;19.992;0.000;0.000;0.000;-7.390;-12.085;2.822;-9.225;-24.723;20.455;-11.376;-39.561;41.154;-10.144;-71.420;7.661;7.726;-12.306;1.136;12.477;-25.427;18.701;18.051;-40.830;39.320;12.108;-71.390;5.872
1301.000;52.040;-0.123;7.706;-1.422;-0.195;15.138;-0.980;-0.269;28.523;2.056;-0.570;44.415;2.464;-0.167;48.218;6.319;0.396;53.721;9.458;-6.261;57.887;11.137;7.307;57.741;8.717;-1.387;59.969;17.831;5.092;59.899;16.676;-2.224;39.291;0.948;-15.695;38.005;5.127;-16.749;28.063;14.970;-17.914;17.074;25.849;-14.111;28.679;27.590;-9.361;42.176;29.620;-11.303;42.378;30.206;-13.616;48.685;29.052;-11.965;50.558;28.779;-10.431;52.663;28.332;-9.368;53.897;27.953;-11.007;42.147;29.448;-13.776;47.676;26.725;-11.522;51.102;26.765;-10.294;53.733;26.413;-9.485;55.599;26.205;-9.663;42.874;29.192;-12.475;47.010;24.732;-11.121;50.709;25.048;-9.627;53.683;24.907;-8.816;55.690;24.937;-8.813;42.466;28.633;-10.588;46.459;23.206;-9.505;50.182;23.389;-8.631;52.893;23.526;-8.188;54.876;23.893;-9.052;43.950;27.932;-8.297;47.293;26.535;-8.989;49.976;26.708;-8.015;52.551;26.231;0.989;39.359;0.646;14.974;37.166;1.823;19.734;25.031;8.479;24.994;11.618;15.835;12.180;10.333;18.792;-3.240;8.830;22.896;-3.562;8.087;24.956;-9.511;5.891;27.356;-12.074;4.852;28.174;-14.253;3.745;28.817;-15.845;3.187;29.074;-3.858;8.450;24.171;-10.378;7.422;25.806;-14.458;6.146;26.334;-17.686;5.848;27.054;-19.754;5.840;27.401;-4.673;8.425;22.758;-11.616;8.303;24.083;-15.995;7.387;24.723;-18.932;6.808;25.248;-21.101;6.576;25.378;-4.723;8.752;21.898;-12.161;8.573;21.645;-15.832;7.328;22.045;-18.289;6.707;22.675;-20.418;6.254;23.150;-5.623;8.170;21.413;-8.995;6.723;19.812;-12.005;5.492;20.543;-14.084;3.897;19.701;0.000;0.000;0.000;-7.396;-12.088;2.791;-9.251;-24.758;20.401;-11.424;-39.632;41.072;-10.150;-71.471;7.570;7.723;-12.309;1.125;12.468;-25.459;18.673;18.036;-40.896;39.272;12.089;-71.432;5.796
1302.000;52.080;-0.121;7.702;-1.409;-0.191;15.127;-0.967;-0.259;28.495;2.053;-0.536;44.389;2.421;-0.116;48.207;6.249;0.488;53.741;9.328;-6.150;57.940;10.998;7.412;57.732;8.554;-1.257;60.040;17.672;5.220;59.940;16.505;-2.200;39.263;0.919;-15.660;38.018;5.148;-16.458;28.120;15.081;-17.340;17.180;26.059;-13.773;28.911;27.660;-9.352;42.559;29.436;-11.037;42.773;30.384;-13.494;49.089;30.383;-12.044;51.033;29.920;-10.515;53.185;29.322;-9.646;54.535;28.857;-10.911;42.620;29.561;-14.239;48.297;28.069;-11.970;51.705;27.888;-10.909;54.385;27.483;-10.061;56.236;27.293;-9.671;43.277;29.124;-13.344;47.810;25.779;-11.839;51.464;26.045;-10.469;54.485;25.898;-9.697;56.509;25.903;-9.019;42.953;28.390;-11.844;47.438;23.840;-10.718;51.110;24.127;-9.776;53.831;24.283;-9.227;55.784;24.663;-9.298;44.504;27.930;-8.849;47.976;26.639;-9.405;50.594;27.148;-8.714;53.280;26.812;1.013;39.326;0.615;14.982;37.129;1.793;19.567;25.207;8.868;24.634;12.030;16.688;11.731;11.023;19.284;-3.812;9.897;22.953;-4.255;9.315;25.045;-10.385;7.651;27.370;-13.035;6.764;28.162;-15.332;5.844;28.770;-16.968;5.445;29.046;-4.503;9.634;24.226;-11.131;9.023;25.623;-15.259;8.062;26.173;-18.538;8.038;26.836;-20.612;8.223;27.092;-5.271;9.486;22.895;-12.266;9.815;23.784;-16.723;9.336;24.463;-19.714;9.044;24.919;-21.897;9.019;25.025;-5.270;9.696;21.999;-12.714;9.905;21.396;-16.418;9.044;21.840;-19.037;8.634;22.436;-21.192;8.479;22.983;-6.221;9.290;21.415;-9.490;7.740;19.779;-12.493;6.449;20.347;-14.823;5.298;19.440;0.000;0.000;0.000;-7.396;-12.096;2.753;-9.289;-24.787;20.347;-11.506;-39.687;40.999;-10.171;-71.511;7.488;7.725;-12.309;1.112;12.445;-25.488;18.650;17.983;-40.959;39.238;12.081;-71.463;5.724
1303.000;52.120;-0.118;7.704;-1.397;-0.187;15.128;-0.947;-0.254;28.492;2.083;-0.517;44.386;2.454;-0.082;48.204;6.263;0.563;53.753;9.296;-6.055;57.986;10.958;7.502;57.713;8.492;-1.142;60.096;17.614;5.333;59.966;16.437;-2.184;39.262;0.951;-15.634;38.046;5.213;-16.255;28.065;15.153;-16.941;17.034;26.140;-13.631;28.933;27.355;-9.676;42.889;28.541;-10.633;42.885;30.209;-12.118;49.102;32.455;-10.915;51.083;31.533;-9.813;53.346;30.611;-9.264;54.780;29.950;-11.010;42.873;29.452;-14.015;48.703;30.983;-11.961;52.105;30.052;-11.025;54.852;29.590;-10.392;56.759;29.207;-10.083;43.548;28.444;-14.586;48.631;28.470;-12.929;52.187;28.475;-11.558;55.242;27.955;-10.845;57.287;27.922;-10.014;43.354;27.428;-14.439;48.604;26.005;-13.037;52.206;26.206;-11.984;54.880;26.219;-11.201;56.763;26.546;-10.275;44.959;27.496;-10.423;48.688;26.730;-10.372;51.212;27.969;-9.655;53.888;27.605;1.029;39.322;0.647;14.982;37.133;1.819;19.496;25.371;9.153;24.486;12.370;17.259;11.552;11.700;19.668;-4.038;11.009;23.118;-4.568;10.581;25.181;-10.770;9.103;27.501;-13.480;8.354;28.198;-15.832;7.547;28.764;-17.489;7.222;29.005;-4.794;10.879;24.347;-11.460;10.423;25.656;-15.639;9.580;26.120;-18.915;9.703;26.711;-20.988;9.961;26.906;-5.498;10.636;22.814;-12.534;11.164;23.752;-17.028;10.830;24.352;-19.991;10.689;24.749;-22.172;10.632;24.882;-5.481;10.890;21.929;-12.886;11.246;21.378;-16.726;10.489;21.747;-19.315;10.210;22.362;-21.478;10.131;22.892;-6.362;10.344;21.505;-9.692;8.825;19.838;-12.888;7.787;20.390;-15.044;6.386;19.410;0.000;0.000;0.000;-7.400;-12.102;2.721;-9.336;-24.798;20.310;-11.605;-39.704;40.957;-10.189;-71.521;7.438;7.724;-12.310;1.102;12.409;-25.504;18.633;17.907;-40.993;39.214;12.065;-71.473;5.673
1304.000;52.160;-0.115;7.708;-1.383;-0.180;15.132;-0.918;-0.241;28.491;2.139;-0.493;44.385;2.537;-0.036;48.196;6.331;0.653;53.750;9.329;-5.955;57.996;10.998;7.599;57.695;8.518;-1.030;60.095;17.650;5.443;59.951;16.465;-2.168;39.264;1.031;-15.586;38.050;5.351;-16.055;27.991;15.256;-16.574;16.873;26.203;-13.925;28.926;27.219;-10.962;43.159;28.216;-10.684;42.988;30.099;-9.799;48.954;33.218;-9.304;51.007;31.879;-8.895;53.243;30.597;-8.834;54.620;29.650;-11.459;43.063;29.769;-12.324;48.750;33.246;-11.026;52.168;31.537;-10.434;54.934;30.735;-9.979;56.842;30.157;-11.362;43.831;28.388;-14.314;48.928;31.812;-12.756;52.452;30.959;-11.817;55.511;29.888;-11.128;57.537;29.561;-11.991;43.745;27.578;-15.814;49.187;29.854;-14.377;52.731;29.365;-13.295;55.338;28.873;-12.356;57.167;28.689;-12.073;45.317;27.927;-12.276;49.066;27.697;-11.362;51.413;28.737;-10.829;54.122;28.304;1.044;39.323;0.717;14.994;37.152;1.848;19.526;25.525;9.355;24.535;12.674;17.653;11.588;12.249;19.934;-4.025;11.877;23.214;-4.580;11.447;25.278;-10.799;9.904;27.600;-13.554;9.361;28.275;-15.913;8.659;28.861;-17.574;8.363;29.116;-4.797;11.726;24.435;-11.411;11.268;25.984;-15.622;10.007;26.271;-18.821;10.192;27.003;-20.884;10.407;27.319;-5.440;11.488;23.005;-12.477;11.893;23.633;-16.976;11.365;24.070;-20.013;11.215;24.389;-22.198;11.211;24.346;-5.414;11.686;22.106;-12.893;11.925;21.280;-16.784;11.501;21.768;-19.311;11.363;22.325;-21.479;11.324;22.842;-6.342;11.161;21.640;-9.623;9.659;19.852;-12.731;8.570;20.342;-15.030;7.382;19.407;0.000;0.000;0.000;-7.405;-12.105;2.690;-9.380;-24.802;20.279;-11.693;-39.709;40.926;-10.197;-71.519;7.409;7.720;-12.314;1.085;12.375;-25.518;18.616;17.837;-41.018;39.197;12.067;-71.495;5.637
1305.000;52.200;-0.111;7.711;-1.372;-0.171;15.135;-0.902;-0.221;28.492;2.157;-0.482;44.385;2.552;-0.008;48.195;6.359;0.719;53.733;9.388;-5.867;57.998;11.095;7.679;57.654;8.573;-0.914;60.048;17.741;5.555;59.884;16.536;-2.157;39.263;1.050;-15.591;38.026;5.347;-15.971;27.868;15.129;-16.391;16.641;25.940;-14.102;28.843;27.269;-11.618;43.286;28.726;-10.982;43.081;30.510;-9.044;49.057;33.116;-8.790;51.048;31.714;-8.710;53.320;30.241;-8.799;54.728;29.345;-11.823;43.153;30.446;-11.426;48.958;33.872;-10.541;52.307;31.833;-10.051;55.044;30.860;-9.690;56.940;30.185;-11.989;43.941;28.973;-13.753;49.200;33.028;-12.305;52.654;31.691;-11.543;55.647;30.504;-10.938;57.641;29.914;-12.812;43.864;28.411;-15.696;49.499;31.493;-14.292;52.988;30.570;-13.288;55.542;29.842;-12.401;57.360;29.429;-12.697;45.480;28.724;-12.837;49.227;28.533;-11.601;51.533;29.243;-11.208;54.234;28.642;1.054;39.324;0.730;14.986;37.187;1.846;19.639;25.699;9.488;24.782;13.001;17.935;11.830;12.457;20.055;-3.788;11.963;23.166;-4.353;11.586;25.207;-10.508;9.547;27.411;-13.221;8.768;28.002;-15.534;7.839;28.538;-17.178;7.443;28.764;-4.573;11.880;24.370;-11.207;10.957;25.696;-15.342;9.503;25.970;-18.565;9.429;26.594;-20.638;9.395;26.910;-5.214;11.534;23.056;-12.276;11.645;23.452;-16.769;10.809;24.138;-19.745;10.479;24.568;-21.923;10.313;24.665;-5.172;11.695;22.151;-12.650;11.628;21.173;-16.512;10.927;21.459;-19.034;10.595;22.011;-21.200;10.381;22.488;-6.062;11.126;21.527;-9.242;9.498;19.650;-12.278;8.158;19.988;-14.349;6.738;18.863;0.000;0.000;0.000;-7.409;-12.107;2.671;-9.410;-24.807;20.259;-11.755;-39.718;40.906;-10.206;-71.527;7.389;7.715;-12.319;1.063;12.356;-25.533;18.593;17.802;-41.045;39.171;12.067;-71.517;5.601
1306.000;52.240;-0.108;7.714;-1.368;-0.166;15.141;-0.899;-0.212;28.500;2.153;-0.489;44.393;2.556;-0.017;48.199;6.387;0.735;53.716;9.465;-5.824;58.002;11.222;7.708;57.610;8.639;-0.834;59.999;17.855;5.629;59.811;16.622;-2.155;39.270;1.046;-15.608;38.025;5.290;-16.014;27.887;15.060;-16.463;16.681;25.857;-13.915;28.798;27.297;-11.061;43.114;28.812;-10.933;42.942;30.730;-9.954;49.002;33.678;-9.302;50.989;32.346;-8.774;53.212;31.045;-8.604;54.583;30.104;-11.700;43.022;30.383;-12.442;48.866;33.661;-11.001;52.195;31.909;-10.248;54.920;31.161;-9.738;56.808;30.565;-11.495;43.769;28.920;-14.412;49.077;32.159;-12.779;52.537;31.235;-11.582;55.511;30.240;-10.828;57.510;29.890;-12.108;43.677;28.097;-15.783;49.330;30.138;-14.164;52.808;29.635;-12.992;55.368;29.111;-12.069;57.209;28.960;-12.073;45.265;28.435;-12.250;49.085;28.122;-11.188;51.348;29.203;-10.630;54.028;28.643;1.057;39.334;0.736;14.967;37.220;1.903;19.753;25.797;9.560;25.043;13.171;18.023;12.090;12.466;20.118;-3.539;11.776;23.185;-4.102;11.371;25.245;-10.269;9.303;27.346;-12.993;8.530;27.894;-15.305;7.613;28.368;-16.954;7.205;28.534;-4.320;11.677;24.411;-10.999;10.692;25.547;-15.125;9.446;25.886;-18.381;9.363;26.464;-20.465;9.421;26.699;-4.942;11.340;22.956;-12.079;11.376;23.561;-16.534;10.740;24.095;-19.509;10.462;24.456;-21.685;10.283;24.566;-4.908;11.548;22.060;-12.417;11.426;21.200;-16.215;10.662;21.494;-18.752;10.245;22.064;-20.910;9.956;22.539;-5.868;10.986;21.549;-8.956;9.165;19.716;-12.016;7.833;20.019;-13.880;6.182;18.848;0.000;0.000;0.000;-7.415;-12.106;2.659;-9.436;-24.813;20.242;-11.804;-39.732;40.883;-10.223;-71.535;7.359;7.710;-12.323;1.055;12.347;-25.547;18.574;17.789;-41.072;39.139;12.048;-71.534;5.566
1307.000;52.280;-0.108;7.710;-1.359;-0.165;15.132;-0.886;-0.210;28.478;2.168;-0.493;44.370;2.616;-0.021;48.172;6.462;0.751;53.693;9.554;-5.805;57.973;11.338;7.722;57.590;8.724;-0.799;59.951;17.966;5.660;59.768;16.718;-2.154;39.251;1.088;-15.595;37.995;5.341;-15.997;27.849;15.051;-16.442;16.636;25.782;-13.547;28.592;27.285;-10.140;42.650;28.840;-10.966;42.615;30.602;-11.676;48.898;33.169;-10.495;50.814;32.196;-9.462;53.054;31.067;-8.838;54.435;30.360;-11.466;42.627;29.920;-13.826;48.605;31.944;-11.758;51.900;30.868;-10.769;54.619;30.331;-10.101;56.514;29.952;-10.507;43.337;28.669;-14.809;48.606;29.588;-12.871;52.070;29.361;-11.496;55.060;28.841;-10.724;57.078;28.694;-10.669;43.128;27.710;-15.024;48.624;27.131;-13.306;52.158;27.162;-12.164;54.729;27.030;-11.226;56.545;27.323;-10.826;44.745;27.930;-10.885;48.474;27.213;-10.592;50.907;28.529;-9.842;53.566;28.113;1.059;39.317;0.785;14.977;37.200;1.944;19.808;25.772;9.564;25.147;13.141;17.985;12.195;12.500;20.149;-3.445;11.882;23.304;-4.001;11.443;25.331;-10.133;9.429;27.498;-12.859;8.699;28.062;-15.195;7.849;28.561;-16.850;7.482;28.753;-4.217;11.747;24.496;-10.910;10.849;25.617;-14.991;9.581;26.085;-18.246;9.563;26.699;-20.324;9.650;26.971;-4.865;11.445;23.146;-12.047;11.290;23.669;-16.358;10.540;23.997;-19.362;10.247;24.249;-21.546;10.168;24.226;-4.829;11.644;22.247;-12.234;11.577;21.411;-16.116;10.835;21.660;-18.631;10.449;22.275;-20.795;10.209;22.749;-5.719;11.110;21.645;-8.819;9.303;19.827;-11.894;7.985;20.121;-13.803;6.382;18.956;0.000;0.000;0.000;-7.415;-12.110;2.641;-9.436;-24.824;20.220;-11.804;-39.752;40.855;-10.241;-71.550;7.331;7.710;-12.324;1.043;12.359;-25.558;18.550;17.815;-41.095;39.101;12.032;-71.550;5.532
1308.000;52.320;-0.107;7.706;-1.343;-0.164;15.119;-0.860;-0.210;28.447;2.206;-0.501;44.338;2.689;-0.020;48.142;6.548;0.775;53.674;9.648;-5.782;57.947;11.442;7.742;57.577;8.813;-0.771;59.924;18.067;5.687;59.747;16.811;-2.161;39.221;1.151;-15.606;37.932;5.401;-15.931;27.745;14.979;-16.290;16.486;25.565;-13.232;28.323;27.309;-9.497;42.178;29.197;-11.039;42.280;30.430;-13.093;48.719;31.395;-11.584;50.627;30.916;-10.082;52.786;30.209;-9.238;54.153;29.747;-11.096;42.191;29.591;-14.302;48.160;29.302;-12.005;51.456;28.931;-10.915;54.158;28.647;-10.070;56.012;28.473;-9.715;42.868;28.830;-13.917;47.848;26.865;-12.253;51.407;27.167;-10.740;54.406;27.033;-9.998;56.441;27.042;-9.310;42.555;27.943;-12.798;47.587;24.586;-11.473;51.210;25.091;-10.416;53.870;25.241;-9.858;55.816;25.650;-9.640;44.264;27.927;-9.359;47.818;26.826;-9.708;50.280;27.681;-9.036;52.979;27.406;1.052;39.289;0.845;14.980;37.165;1.957;19.799;25.736;9.568;25.125;13.104;17.981;12.173;12.511;20.086;-3.466;11.960;23.164;-4.032;11.490;25.197;-10.173;9.402;27.313;-12.908;8.666;27.863;-15.231;7.829;28.353;-16.885;7.459;28.545;-4.243;11.784;24.358;-10.915;10.796;25.525;-15.020;9.431;25.835;-18.252;9.400;26.452;-20.334;9.446;26.704;-4.885;11.496;22.988;-12.021;11.248;23.445;-16.361;10.390;23.675;-19.368;10.129;23.924;-21.551;10.040;23.885;-4.846;11.696;22.090;-12.264;11.522;21.168;-16.154;10.824;21.382;-18.668;10.487;21.967;-20.838;10.254;22.419;-5.646;11.056;21.524;-8.800;9.333;19.647;-11.857;7.943;19.858;-13.712;6.332;18.618;0.000;0.000;0.000;-7.417;-12.113;2.623;-9.424;-24.835;20.198;-11.775;-39.770;40.829;-10.255;-71.562;7.295;7.707;-12.328;1.009;12.389;-25.563;18.515;17.884;-41.101;39.064;12.021;-71.556;5.504
1309.000;52.360;-0.105;7.708;-1.335;-0.157;15.121;-0.844;-0.191;28.446;2.237;-0.490;44.336;2.739;-0.005;48.136;6.607;0.788;53.661;9.722;-5.762;57.936;11.538;7.755;57.563;8.875;-0.734;59.901;18.152;5.721;59.723;16.881;-2.149;39.221;1.198;-15.591;37.904;5.439;-15.886;27.700;14.941;-16.213;16.421;25.442;-13.081;28.173;27.373;-9.201;41.863;29.580;-11.004;42.060;30.321;-13.334;48.477;30.015;-11.713;50.379;29.866;-10.164;52.519;29.521;-9.155;53.809;29.182;-10.818;41.886;29.514;-13.843;47.730;27.721;-11.542;51.092;27.859;-10.385;53.771;27.672;-9.580;55.650;27.591;-9.385;42.611;29.200;-12.697;47.245;25.575;-11.252;50.879;26.059;-9.714;53.884;26.119;-9.027;55.936;26.206;-8.685;42.248;28.517;-10.972;46.867;23.818;-9.808;50.501;24.321;-8.935;53.210;24.592;-8.449;55.174;25.004;-8.939;43.825;28.116;-8.332;47.333;26.941;-8.972;49.896;27.431;-8.208;52.570;27.162;1.063;39.291;0.887;14.988;37.172;1.989;19.798;25.718;9.570;25.115;13.059;17.949;12.151;12.462;19.954;-3.517;11.863;22.911;-4.064;11.331;24.988;-10.248;9.222;26.907;-12.985;8.463;27.360;-15.325;7.603;27.749;-16.983;7.220;27.870;-4.266;11.633;24.149;-10.950;10.655;25.401;-15.062;9.313;25.534;-18.320;9.310;26.058;-20.405;9.342;26.288;-4.918;11.424;22.706;-12.046;11.282;23.166;-16.448;10.478;23.450;-19.444;10.293;23.754;-21.629;10.238;23.760;-4.879;11.648;21.814;-12.338;11.544;20.838;-16.199;10.969;21.102;-18.725;10.645;21.689;-20.902;10.450;22.123;-5.708;11.022;21.251;-8.857;9.374;19.289;-11.888;7.970;19.435;-13.741;6.433;18.103;0.000;0.000;0.000;-7.420;-12.111;2.623;-9.404;-24.843;20.192;-11.728;-39.791;40.815;-10.261;-71.565;7.260;7.701;-12.334;0.983;12.427;-25.572;18.474;17.973;-41.112;39.006;12.024;-71.566;5.461
1310.000;52.400;-0.103;7.709;-1.327;-0.150;15.122;-0.832;-0.169;28.444;2.250;-0.455;44.334;2.768;0.029;48.129;6.644;0.817;53.645;9.777;-5.740;57.898;11.622;7.772;57.566;8.923;-0.699;59.858;18.228;5.753;59.700;16.940;-2.117;39.222;1.221;-15.558;37.917;5.452;-15.895;27.718;14.949;-16.268;16.445;25.447;-13.034;28.118;27.533;-8.995;41.709;29.939;-10.832;41.905;30.594;-13.264;48.247;30.109;-11.667;50.168;30.027;-10.074;52.304;29.742;-9.066;53.610;29.467;-10.586;41.732;29.804;-13.562;47.457;27.757;-11.363;50.872;28.009;-10.244;53.563;27.859;-9.480;55.459;27.822;-9.208;42.447;29.559;-12.351;46.973;25.651;-10.921;50.643;26.270;-9.579;53.686;26.362;-8.863;55.723;26.529;-8.448;42.086;28.930;-10.524;46.630;24.016;-9.428;50.302;24.567;-8.643;53.050;24.899;-8.267;55.039;25.308;-8.715;43.710;28.464;-8.089;47.172;27.313;-8.791;49.752;27.732;-7.972;52.418;27.561;1.095;39.290;0.911;15.015;37.162;2.011;19.812;25.680;9.553;25.114;12.990;17.889;12.139;12.438;19.842;-3.556;11.875;22.754;-4.108;11.383;24.801;-10.285;9.267;26.705;-13.027;8.475;27.107;-15.368;7.632;27.474;-17.026;7.241;27.565;-4.310;11.694;23.965;-11.020;10.650;25.274;-15.068;9.239;25.370;-18.309;9.180;25.817;-20.389;9.153;26.084;-4.981;11.454;22.535;-12.120;11.354;22.997;-16.460;10.512;23.378;-19.440;10.309;23.710;-21.619;10.170;23.793;-4.942;11.685;21.644;-12.362;11.635;20.688;-16.228;11.118;20.987;-18.756;10.801;21.604;-20.927;10.634;22.079;-5.751;11.077;21.073;-8.875;9.475;19.096;-11.917;8.018;19.263;-13.884;6.667;17.892;0.000;0.000;0.000;-7.421;-12.112;2.616;-9.391;-24.855;20.184;-11.699;-39.816;40.806;-10.262;-71.568;7.231;7.698;-12.338;0.960;12.463;-25.586;18.438;18.055;-41.138;38.956;12.024;-71.592;5.420
1311.000;52.440;-0.103;7.710;-1.319;-0.150;15.123;-0.823;-0.170;28.441;2.255;-0.440;44.331;2.774;0.044;48.125;6.659;0.832;53.633;9.810;-5.724;57.877;11.676;7.784;57.561;8.959;-0.676;59.820;18.282;5.774;59.669;16.985;-2.107;39.221;1.225;-15.558;37.924;5.460;-15.911;27.700;14.957;-16.301;16.399;25.455;-12.969;28.054;27.657;-8.826;41.663;30.143;-10.580;41.769;30.987;-12.988;48.118;31.331;-11.461;50.054;31.115;-9.883;52.205;30.747;-8.888;53.504;30.403;-10.456;41.655;30.158;-13.683;47.492;29.006;-11.442;50.873;29.150;-10.343;53.583;29.021;-9.506;55.448;28.977;-9.061;42.385;29.798;-12.721;47.145;26.706;-11.142;50.743;27.299;-9.791;53.799;27.436;-9.073;55.836;27.603;-8.428;42.069;29.039;-11.174;46.895;24.806;-9.997;50.519;25.428;-9.090;53.238;25.794;-8.590;55.184;26.271;-8.699;43.653;28.812;-8.278;47.248;27.725;-8.906;49.775;28.442;-8.189;52.469;28.256;1.106;39.285;0.918;15.024;37.139;2.014;19.806;25.643;9.542;25.092;12.938;17.862;12.112;12.453;19.788;-3.595;11.976;22.669;-4.149;11.438;24.698;-10.329;9.278;26.580;-13.065;8.506;26.958;-15.419;7.669;27.293;-17.078;7.289;27.395;-4.350;11.754;23.864;-11.072;10.728;25.115;-15.082;9.199;25.254;-18.319;9.086;25.782;-20.403;9.056;26.016;-5.031;11.523;22.469;-12.178;11.386;22.883;-16.498;10.529;23.199;-19.459;10.360;23.503;-21.641;10.231;23.536;-4.989;11.754;21.578;-12.378;11.700;20.583;-16.259;11.214;20.879;-18.783;10.908;21.493;-20.957;10.749;21.956;-5.771;11.138;20.974;-8.913;9.538;18.987;-11.944;8.128;19.111;-13.882;6.768;17.709;0.000;0.000;0.000;-7.421;-12.115;2.602;-9.395;-24.861;20.169;-11.709;-39.826;40.790;-10.274;-71.574;7.212;7.697;-12.340;0.941;12.484;-25.597;18.408;18.100;-41.161;38.912;12.012;-71.610;5.387
1312.000;52.480;-0.104;7.710;-1.314;-0.151;15.121;-0.806;-0.172;28.436;2.299;-0.443;44.325;2.839;0.048;48.115;6.718;0.850;53.630;9.851;-5.700;57.878;11.730;7.805;57.552;9.000;-0.645;59.804;18.335;5.805;59.649;17.031;-2.111;39.217;1.286;-15.565;37.905;5.555;-15.998;27.600;15.128;-16.477;16.211;25.708;-13.200;28.008;27.382;-9.364;41.920;29.092;-10.122;41.835;30.886;-10.676;47.974;33.790;-9.418;49.908;32.878;-8.254;52.137;31.914;-7.611;53.517;31.223;-10.619;41.901;30.204;-12.786;47.821;32.563;-10.609;51.091;31.621;-9.472;53.787;31.123;-8.674;55.652;30.865;-9.700;42.635;28.968;-13.771;47.973;30.223;-11.749;51.401;30.168;-10.222;54.330;29.712;-9.256;56.268;29.644;-9.854;42.484;27.958;-13.972;48.145;27.717;-12.165;51.585;27.979;-10.905;54.140;27.993;-9.917;55.921;28.332;-9.966;44.079;28.296;-9.851;47.820;27.788;-9.416;50.167;29.191;-8.669;52.852;28.983;1.101;39.282;0.975;15.020;37.137;2.046;19.801;25.641;9.578;25.086;12.936;17.902;12.092;12.436;19.776;-3.639;11.933;22.597;-4.175;11.373;24.626;-10.351;9.166;26.444;-13.085;8.377;26.777;-15.415;7.490;27.099;-17.072;7.090;27.156;-4.373;11.688;23.791;-11.119;10.589;25.008;-15.074;8.995;25.098;-18.294;8.795;25.598;-20.372;8.665;25.853;-5.094;11.470;22.414;-12.244;11.319;22.788;-16.512;10.397;23.144;-19.489;10.124;23.548;-21.673;10.033;23.551;-5.054;11.699;21.523;-12.416;11.634;20.468;-16.250;11.155;20.723;-18.799;10.767;21.345;-20.978;10.566;21.769;-5.798;11.085;20.887;-8.934;9.517;18.865;-11.924;8.045;18.939;-13.854;6.709;17.503;0.000;0.000;0.000;-7.421;-12.116;2.595;-9.411;-24.857;20.165;-11.742;-39.816;40.790;-10.274;-71.570;7.212;7.698;-12.340;0.939;12.498;-25.600;18.399;18.130;-41.168;38.895;12.011;-71.611;5.372
1313.000;52.520;-0.104;7.709;-1.304;-0.152;15.116;-0.784;-0.175;28.422;2.344;-0.436;44.310;2.913;0.074;48.100;6.790;0.903;53.628;9.903;-5.644;57.879;11.789;7.859;57.547;9.048;-0.582;59.800;18.391;5.866;59.642;17.082;-2.112;39.205;1.357;-15.539;37.893;5.663;-15.952;27.412;15.171;-16.409;15.827;25.681;-13.849;27.891;27.373;-11.070;42.225;29.262;-10.310;41.873;30.991;-7.831;47.545;33.760;-7.514;49.568;32.414;-7.262;51.857;30.999;-7.271;53.269;30.104;-11.142;42.020;30.957;-10.188;47.610;34.663;-9.079;50.932;32.673;-8.419;53.657;31.786;-7.948;55.535;31.129;-11.400;42.896;29.530;-12.560;48.070;33.946;-10.829;51.432;32.677;-9.872;54.426;31.606;-9.148;56.357;30.943;-12.252;42.899;29.033;-14.535;48.594;32.542;-12.890;52.001;31.647;-11.666;54.511;31.018;-10.657;56.282;30.686;-12.023;44.449;29.386;-11.886;48.274;29.394;-10.269;50.374;30.150;-9.689;53.058;29.630;1.099;39.270;1.035;15.019;37.123;2.044;19.826;25.625;9.567;25.138;12.917;17.881;12.162;12.395;19.736;-3.537;11.880;22.515;-4.094;11.320;24.570;-10.219;8.951;26.420;-12.923;8.077;26.762;-15.252;7.183;27.070;-16.900;6.746;27.141;-4.303;11.634;23.737;-10.943;10.362;25.041;-14.934;8.674;25.012;-18.135;8.335;25.603;-20.205;8.144;25.882;-4.916;11.416;22.211;-12.130;11.129;22.844;-16.478;10.115;23.288;-19.381;9.870;23.837;-21.555;9.706;23.993;-4.898;11.678;21.328;-12.366;11.403;20.381;-16.205;10.870;20.720;-18.708;10.475;21.335;-20.879;10.196;21.759;-5.721;10.971;20.829;-8.858;9.329;18.867;-11.845;7.829;18.891;-13.732;6.466;17.423;0.000;0.000;0.000;-7.420;-12.119;2.585;-9.427;-24.854;20.160;-11.777;-39.806;40.791;-10.268;-71.556;7.207;7.698;-12.341;0.923;12.504;-25.602;18.384;18.142;-41.170;38.882;12.027;-71.618;5.356
1314.000;52.560;-0.103;7.711;-1.298;-0.146;15.119;-0.780;-0.155;28.424;2.336;-0.413;44.313;2.888;0.106;48.102;6.775;0.953;53.611;9.920;-5.583;57.868;11.828;7.914;57.520;9.056;-0.502;59.769;18.422;5.943;59.603;17.098;-2.091;39.206;1.338;-15.568;37.866;5.587;-16.028;27.250;14.898;-16.536;15.517;25.188;-14.216;27.640;27.539;-11.747;42.054;30.284;-10.719;41.718;31.871;-7.758;47.410;34.040;-7.692;49.406;32.577;-7.662;51.677;31.186;-7.726;53.084;30.285;-11.544;41.881;31.965;-9.893;47.516;35.332;-9.181;50.824;33.098;-8.642;53.523;32.102;-8.216;55.381;31.360;-12.029;42.727;30.620;-12.325;48.011;35.036;-10.829;51.318;33.489;-10.122;54.290;32.052;-9.468;56.247;31.397;-12.953;42.751;30.261;-14.551;48.544;34.004;-13.041;51.886;32.770;-11.963;54.380;31.865;-11.020;56.121;31.280;-12.633;44.270;30.515;-12.500;48.124;30.454;-10.735;50.206;30.859;-10.401;52.910;30.242;1.119;39.270;1.014;15.035;37.116;2.019;19.908;25.629;9.514;25.293;12.934;17.799;12.313;12.351;19.603;-3.382;11.756;22.337;-3.931;11.183;24.379;-10.029;8.695;26.159;-12.728;7.764;26.513;-15.032;6.781;26.833;-16.673;6.325;26.925;-4.140;11.506;23.550;-10.797;10.136;24.699;-14.767;8.412;24.733;-17.977;8.037;25.237;-20.046;7.796;25.490;-4.795;11.252;21.994;-11.961;10.869;22.617;-16.271;9.754;23.009;-19.203;9.376;23.473;-21.377;9.174;23.571;-4.778;11.521;21.113;-12.209;11.169;20.201;-16.033;10.547;20.470;-18.535;10.073;21.073;-20.697;9.737;21.494;-5.556;10.852;20.628;-8.670;9.129;18.655;-11.647;7.624;18.622;-13.350;6.095;17.093;0.000;0.000;0.000;-7.419;-12.122;2.574;-9.445;-24.855;20.154;-11.819;-39.804;40.790;-10.264;-71.537;7.199;7.699;-12.342;0.906;12.504;-25.609;18.367;18.142;-41.185;38.865;12.037;-71.624;5.331
1315.000;52.600;-0.099;7.710;-1.302;-0.142;15.118;-0.785;-0.153;28.426;2.333;-0.435;44.314;2.898;0.083;48.101;6.797;0.958;53.605;9.961;-5.563;57.876;11.887;7.926;57.497;9.083;-0.462;59.762;18.470;5.979;59.580;17.131;-2.102;39.206;1.339;-15.587;37.849;5.557;-16.097;27.222;14.863;-16.661;15.476;25.149;-14.341;27.544;27.753;-11.880;41.896;30.769;-10.978;41.506;32.409;-8.270;47.090;35.061;-8.134;49.169;33.780;-8.102;51.542;32.483;-8.118;53.021;31.703;-11.811;41.643;32.470;-10.465;47.060;36.282;-9.681;50.500;34.313;-9.184;53.279;33.440;-8.802;55.193;32.832;-12.217;42.543;31.089;-12.902;47.520;35.800;-11.386;50.948;34.551;-10.653;54.008;33.331;-10.013;56.006;32.792;-13.127;42.560;30.683;-15.051;48.060;34.671;-13.580;51.499;33.673;-12.506;54.059;32.909;-11.530;55.833;32.507;-12.829;44.045;31.083;-12.778;47.902;31.219;-11.066;49.999;31.927;-10.680;52.704;31.342;1.109;39.274;1.023;15.020;37.151;2.050;19.925;25.656;9.514;25.346;12.952;17.763;12.356;12.354;19.496;-3.346;11.734;22.166;-3.929;11.157;24.156;-10.027;8.661;25.891;-12.722;7.726;26.217;-15.016;6.716;26.516;-16.652;6.237;26.589;-4.137;11.498;23.334;-10.840;10.070;24.440;-14.759;8.418;24.436;-17.957;7.984;24.972;-20.025;7.698;25.175;-4.798;11.271;21.843;-11.994;10.941;22.358;-16.276;9.815;22.883;-19.183;9.425;23.455;-21.356;9.205;23.553;-4.783;11.517;20.956;-12.181;11.257;19.951;-16.034;10.654;20.230;-18.505;10.137;20.851;-20.666;9.780;21.262;-5.514;10.856;20.403;-8.685;9.195;18.421;-11.586;7.610;18.329;-13.510;6.441;16.748;0.000;0.000;0.000;-7.426;-12.118;2.572;-9.475;-24.843;20.159;-11.877;-39.782;40.804;-10.265;-71.523;7.219;7.694;-12.343;0.924;12.483;-25.614;18.387;18.103;-41.193;38.886;12.031;-71.617;5.336
1316.000;52.640;-0.102;7.713;-1.300;-0.150;15.123;-0.779;-0.174;28.432;2.351;-0.462;44.319;2.943;0.056;48.103;6.842;0.941;53.614;9.995;-5.579;57.881;11.930;7.907;57.510;9.112;-0.473;59.765;18.509;5.967;59.588;17.163;-2.125;39.214;1.374;-15.602;37.842;5.600;-16.056;27.181;14.867;-16.557;15.398;25.109;-14.336;27.435;27.871;-11.994;41.748;31.080;-11.054;41.333;32.683;-8.409;46.883;35.442;-8.392;49.001;34.207;-8.432;51.397;33.017;-8.574;52.886;32.269;-11.887;41.449;32.779;-10.559;46.754;36.702;-9.904;50.287;34.798;-9.498;53.092;34.043;-9.200;55.029;33.460;-12.329;42.384;31.411;-13.000;47.176;36.297;-11.654;50.688;35.142;-11.014;53.793;33.983;-10.412;55.812;33.486;-13.240;42.391;31.031;-15.203;47.695;35.257;-13.827;51.196;34.382;-12.885;53.798;33.667;-11.959;55.599;33.263;-12.961;43.876;31.478;-13.038;47.719;31.758;-11.387;49.822;32.466;-11.051;52.559;32.011;1.086;39.284;1.061;14.999;37.162;2.087;19.865;25.642;9.535;25.243;12.908;17.767;12.255;12.370;19.450;-3.445;11.827;22.056;-4.037;11.264;24.035;-10.122;8.682;25.742;-12.816;7.740;26.062;-15.092;6.731;26.352;-16.720;6.222;26.409;-4.252;11.618;23.220;-10.896;10.150;24.415;-14.816;8.401;24.363;-18.010;7.860;24.975;-20.074;7.559;25.192;-4.867;11.370;21.749;-12.050;11.022;22.216;-16.398;9.847;22.690;-19.304;9.472;23.222;-21.477;9.257;23.297;-4.842;11.632;20.867;-12.294;11.310;19.877;-16.138;10.758;20.078;-18.616;10.255;20.673;-20.778;9.864;21.049;-5.627;10.953;20.290;-8.763;9.333;18.268;-11.690;7.714;18.144;-13.555;6.534;16.500;0.000;0.000;0.000;-7.422;-12.122;2.562;-9.500;-24.834;20.156;-11.934;-39.757;40.810;-10.280;-71.521;7.243;7.699;-12.340;0.930;12.461;-25.606;18.398;18.048;-41.181;38.904;12.020;-71.606;5.350
1317.000;52.680;-0.103;7.711;-1.298;-0.153;15.119;-0.771;-0.181;28.425;2.374;-0.483;44.312;2.978;0.032;48.095;6.878;0.912;53.609;10.029;-5.614;57.871;11.959;7.873;57.513;9.144;-0.512;59.765;18.538;5.929;59.594;17.193;-2.142;39.206;1.406;-15.619;37.810;5.622;-16.048;27.140;14.871;-16.523;15.347;25.093;-14.260;27.373;27.909;-11.864;41.675;31.162;-11.005;41.240;32.819;-8.440;46.743;35.769;-8.273;48.853;34.513;-8.250;51.259;33.268;-8.258;52.754;32.518;-11.840;41.373;32.851;-10.724;46.678;36.891;-9.882;50.172;35.033;-9.336;52.962;34.282;-8.962;54.888;33.705;-12.196;42.285;31.504;-13.122;47.122;36.321;-11.609;50.610;35.205;-10.838;53.699;34.124;-10.203;55.711;33.632;-13.094;42.310;31.058;-15.230;47.682;35.132;-13.735;51.162;34.304;-12.682;53.744;33.624;-11.669;55.525;33.377;-12.860;43.802;31.506;-12.820;47.658;31.780;-11.191;49.729;32.545;-10.775;52.467;32.174;1.069;39.279;1.092;14.988;37.153;2.111;19.812;25.624;9.560;25.144;12.881;17.792;12.160;12.344;19.448;-3.538;11.789;22.022;-4.141;11.217;24.005;-10.235;8.606;25.662;-12.915;7.663;26.014;-15.189;6.650;26.295;-16.813;6.133;26.356;-4.358;11.577;23.194;-10.953;10.090;24.439;-14.919;8.336;24.364;-18.104;7.750;24.996;-20.160;7.419;25.247;-4.951;11.327;21.760;-12.140;10.997;22.169;-16.522;9.826;22.657;-19.422;9.462;23.176;-21.587;9.194;23.304;-4.928;11.565;20.871;-12.443;11.216;19.809;-16.244;10.727;20.047;-18.724;10.242;20.647;-20.891;9.855;20.995;-5.751;10.893;20.263;-8.811;9.247;18.199;-11.833;7.752;18.067;-13.560;6.398;16.406;0.000;0.000;0.000;-7.421;-12.124;2.560;-9.506;-24.828;20.160;-11.951;-39.744;40.820;-10.284;-71.507;7.258;7.702;-12.338;0.932;12.451;-25.602;18.407;18.023;-41.173;38.921;12.010;-71.606;5.371
1318.000;52.720;-0.103;7.709;-1.302;-0.152;15.117;-0.774;-0.178;28.423;2.376;-0.479;44.309;2.990;0.030;48.094;6.891;0.890;53.616;10.038;-5.649;57.864;11.956;7.844;57.534;9.162;-0.560;59.774;18.541;5.883;59.616;17.207;-2.138;39.205;1.414;-15.611;37.805;5.627;-16.048;27.146;14.882;-16.532;15.366;25.110;-14.232;27.377;27.925;-11.790;41.672;31.171;-10.951;41.242;32.831;-8.299;46.713;35.751;-8.119;48.819;34.460;-8.064;51.198;33.227;-8.058;52.677;32.446;-11.785;41.384;32.863;-10.595;46.685;36.868;-9.707;50.161;34.998;-9.136;52.946;34.225;-8.715;54.859;33.637;-12.110;42.278;31.521;-12.998;47.170;36.302;-11.437;50.632;35.163;-10.627;53.701;34.057;-9.943;55.695;33.562;-13.005;42.314;31.069;-15.100;47.744;35.100;-13.555;51.210;34.241;-12.461;53.767;33.563;-11.448;55.544;33.280;-12.752;43.826;31.508;-12.695;47.679;31.745;-11.019;49.733;32.512;-10.586;52.464;32.110;1.073;39.277;1.102;14.990;37.150;2.123;19.798;25.608;9.566;25.112;12.851;17.792;12.125;12.279;19.454;-3.587;11.668;22.040;-4.172;11.102;24.033;-10.265;8.505;25.729;-12.957;7.572;26.061;-15.244;6.550;26.338;-16.879;6.069;26.399;-4.387;11.462;23.221;-10.992;10.036;24.431;-14.992;8.276;24.354;-18.166;7.645;25.000;-20.224;7.326;25.249;-5.008;11.183;21.627;-12.187;10.906;22.235;-16.558;9.782;22.739;-19.463;9.322;23.254;-21.634;9.074;23.319;-4.987;11.482;20.756;-12.476;11.142;19.856;-16.285;10.649;20.110;-18.760;10.146;20.728;-20.924;9.757;21.096;-5.770;10.769;20.282;-8.896;9.155;18.243;-11.868;7.641;18.117;-13.645;6.317;16.486;0.000;0.000;0.000;-7.421;-12.121;2.572;-9.494;-24.822;20.173;-11.922;-39.734;40.834;-10.273;-71.495;7.271;7.701;-12.338;0.939;12.456;-25.598;18.412;18.036;-41.164;38.924;12.015;-71.603;5.377
1319.000;52.760;-0.106;7.708;-1.301;-0.155;15.115;-0.777;-0.179;28.419;2.364;-0.472;44.305;2.967;0.030;48.096;6.866;0.869;53.628;10.006;-5.682;57.862;11.910;7.817;57.561;9.148;-0.613;59.780;18.508;5.833;59.636;17.189;-2.133;39.200;1.394;-15.612;37.811;5.595;-16.066;27.162;14.859;-16.568;15.392;25.099;-14.221;27.407;27.918;-11.712;41.704;31.165;-10.923;41.272;32.838;-8.297;46.708;35.849;-8.050;48.802;34.553;-7.899;51.147;33.334;-8.000;52.609;32.528;-11.754;41.429;32.840;-10.632;46.731;36.862;-9.618;50.180;34.990;-8.991;52.955;34.230;-8.520;54.862;33.660;-12.050;42.347;31.466;-13.001;47.230;36.267;-11.358;50.669;35.087;-10.463;53.716;34.057;-9.740;55.688;33.529;-12.930;42.380;31.004;-15.068;47.835;34.980;-13.433;51.275;34.142;-12.284;53.813;33.517;-11.259;55.578;33.205;-12.635;43.880;31.469;-12.559;47.711;31.676;-10.823;49.752;32.471;-10.378;52.484;32.090;1.079;39.271;1.083;14.996;37.137;2.104;19.824;25.594;9.540;25.161;12.837;17.759;12.172;12.247;19.424;-3.555;11.592;22.013;-4.111;10.996;24.040;-10.210;8.420;25.746;-12.904;7.471;26.053;-15.173;6.410;26.339;-16.799;5.898;26.406;-4.319;11.339;23.219;-10.962;9.937;24.318;-14.944;8.250;24.333;-18.096;7.484;24.919;-20.136;7.035;25.112;-4.972;11.128;21.659;-12.152;10.851;22.242;-16.505;9.680;22.794;-19.398;9.167;23.263;-21.547;8.786;23.395;-4.949;11.417;20.785;-12.396;11.110;19.888;-16.240;10.522;20.133;-18.696;9.945;20.738;-20.844;9.493;21.127;-5.726;10.704;20.268;-8.854;9.070;18.253;-11.899;7.655;18.097;-13.589;6.183;16.500;0.000;0.000;0.000;-7.416;-12.125;2.570;-9.465;-24.826;20.173;-11.867;-39.737;40.836;-10.249;-71.486;7.268;7.706;-12.335;0.933;12.476;-25.595;18.405;18.073;-41.162;38.915;12.039;-71.600;5.372
1320.000;52.800;-0.106;7.707;-1.300;-0.155;15.112;-0.780;-0.177;28.412;2.347;-0.468;44.299;2.939;0.027;48.098;6.833;0.847;53.647;9.958;-5.714;57.878;11.835;7.794;57.586;9.117;-0.668;59.809;18.447;5.783;59.669;17.149;-2.129;39.193;1.369;-15.613;37.800;5.555;-16.115;27.161;14.816;-16.671;15.402;25.052;-14.298;27.407;27.913;-11.756;41.692;31.202;-10.976;41.273;32.874;-8.392;46.677;35.959;-8.128;48.767;34.652;-7.908;51.088;33.451;-7.962;52.529;32.605;-11.805;41.442;32.851;-10.737;46.711;36.900;-9.688;50.165;35.067;-8.993;52.924;34.299;-8.507;54.837;33.765;-12.068;42.339;31.513;-13.105;47.237;36.285;-11.395;50.669;35.157;-10.477;53.707;34.105;-9.736;55.671;33.572;-12.929;42.382;31.027;-15.135;47.855;34.946;-13.466;51.291;34.135;-12.273;53.804;33.521;-11.213;55.559;33.273;-12.684;43.875;31.482;-12.554;47.714;31.700;-10.858;49.743;32.518;-10.330;52.460;32.140;1.083;39.264;1.059;15.001;37.130;2.076;19.854;25.588;9.500;25.217;12.831;17.705;12.237;12.224;19.391;-3.483;11.545;21.992;-4.029;10.917;24.009;-10.090;8.296;25.747;-12.709;7.149;26.153;-14.924;5.960;26.423;-16.522;5.372;26.537;-4.250;11.253;23.188;-10.877;9.694;24.234;-14.816;7.990;24.288;-17.891;6.832;24.724;-19.873;6.163;24.875;-4.885;11.075;21.687;-12.073;10.609;22.278;-16.395;9.389;22.819;-19.243;8.583;23.224;-21.336;7.958;23.303;-4.872;11.344;20.806;-12.320;10.926;19.847;-16.127;10.154;20.116;-18.552;9.395;20.595;-20.660;8.773;20.961;-5.660;10.646;20.253;-8.780;9.014;18.222;-11.757;7.471;18.058;-13.466;6.052;16.435;0.000;0.000;0.000;-7.415;-12.126;2.566;-9.439;-24.829;20.171;-11.811;-39.742;40.836;-10.228;-71.499;7.265;7.707;-12.335;0.928;12.492;-25.597;18.398;18.108;-41.167;38.905;12.048;-71.603;5.365
1321.000;52.840;-0.104;7.708;-1.299;-0.150;15.113;-0.780;-0.163;28.414;2.342;-0.466;44.301;2.925;0.020;48.113;6.811;0.830;53.691;9.908;-5.741;57.927;11.744;7.779;57.629;9.079;-0.721;59.885;18.367;5.735;59.742;17.095;-2.121;39.193;1.355;-15.606;37.813;5.493;-16.287;27.169;14.726;-17.039;15.404;24.930;-14.551;27.361;27.898;-11.873;41.592;31.311;-11.097;41.170;32.982;-8.460;46.529;36.103;-8.181;48.616;34.850;-7.880;50.941;33.572;-7.896;52.384;32.727;-11.923;41.353;32.950;-10.810;46.621;37.027;-9.667;50.049;35.175;-8.971;52.805;34.408;-8.428;54.699;33.860;-12.166;42.250;31.616;-13.157;47.190;36.386;-11.388;50.603;35.202;-10.433;53.623;34.187;-9.659;55.568;33.631;-13.024;42.308;31.120;-15.156;47.851;35.014;-13.447;51.273;34.262;-12.202;53.745;33.604;-11.119;55.474;33.290;-12.746;43.814;31.585;-12.560;47.647;31.780;-10.883;49.668;32.623;-10.266;52.367;32.250;1.091;39.266;1.050;15.008;37.133;2.066;19.889;25.567;9.444;25.283;12.784;17.598;12.318;12.125;19.360;-3.375;11.428;22.042;-3.845;10.732;24.035;-9.689;7.676;25.893;-12.147;6.287;26.457;-14.197;4.849;26.818;-15.702;4.063;26.978;-4.098;11.050;23.216;-10.575;9.086;24.359;-14.400;6.970;24.405;-17.236;5.347;24.756;-19.066;4.326;24.856;-4.740;10.921;21.725;-11.858;9.892;22.375;-16.129;8.252;22.773;-18.822;7.009;23.102;-20.799;6.079;23.076;-4.757;11.222;20.855;-12.211;10.171;19.960;-15.857;8.898;20.044;-18.150;7.814;20.462;-20.147;6.875;20.776;-5.529;10.466;20.299;-8.500;8.622;18.270;-11.285;6.830;18.063;-12.913;5.415;16.354;0.000;0.000;0.000;-7.416;-12.125;2.566;-9.421;-24.827;20.170;-11.771;-39.740;40.835;-10.220;-71.497;7.263;7.704;-12.337;0.922;12.499;-25.594;18.391;18.124;-41.157;38.898;12.047;-71.595;5.366
1322.000;52.880;-0.100;7.711;-1.295;-0.137;15.118;-0.778;-0.132;28.421;2.331;-0.424;44.308;2.905;0.041;48.135;6.780;0.805;53.753;9.837;-5.776;57.995;11.618;7.759;57.688;9.036;-0.797;59.977;18.265;5.667;59.831;17.031;-2.079;39.201;1.333;-15.560;37.868;5.376;-16.741;27.174;14.476;-18.045;15.354;24.533;-15.180;27.161;27.780;-12.051;41.234;31.532;-11.289;40.819;33.212;-8.320;46.141;36.199;-7.857;48.195;34.979;-7.398;50.472;33.638;-7.276;51.902;32.780;-12.096;41.067;33.156;-10.656;46.413;37.125;-9.307;49.748;35.174;-8.437;52.448;34.385;-7.801;54.297;33.787;-12.290;41.896;31.841;-12.950;47.163;36.431;-10.949;50.428;35.243;-9.799;53.373;34.063;-8.934;55.285;33.527;-13.144;42.012;31.328;-14.884;47.905;35.038;-13.006;51.225;34.231;-11.603;53.600;33.488;-10.401;55.227;33.076;-12.804;43.519;31.729;-12.344;47.342;31.703;-10.544;49.346;32.507;-9.757;51.990;32.068;1.135;39.271;1.037;15.046;37.116;2.084;19.990;25.466;9.290;25.453;12.589;17.254;12.539;11.827;19.314;-3.099;11.009;22.336;-3.395;10.233;24.334;-8.833;6.542;26.281;-11.062;4.784;26.893;-12.871;3.079;27.339;-14.235;2.078;27.553;-3.697;10.543;23.529;-9.971;7.879;24.674;-13.357;5.116;24.882;-15.847;2.968;24.966;-17.493;1.670;25.019;-4.436;10.396;21.993;-11.373;8.607;22.838;-15.285;6.263;23.234;-17.613;4.383;23.416;-19.369;3.086;23.305;-4.525;10.735;21.141;-11.782;8.918;20.473;-15.086;6.958;20.497;-17.108;5.350;20.856;-18.851;3.974;21.046;-5.318;10.002;20.622;-8.102;7.915;18.601;-10.697;5.868;18.306;-12.070;4.319;16.493;0.000;0.000;0.000;-7.422;-12.124;2.558;-9.411;-24.831;20.160;-11.741;-39.751;40.822;-10.219;-71.506;7.253;7.698;-12.342;0.907;12.494;-25.597;18.379;18.121;-41.159;38.889;12.024;-71.603;5.360
1323.000;52.920;-0.094;7.709;-1.286;-0.114;15.112;-0.780;-0.061;28.406;2.288;-0.314;44.295;2.843;0.120;48.149;6.705;0.820;53.831;9.707;-5.791;58.061;11.404;7.775;57.780;8.986;-0.897;60.059;18.109;5.581;59.925;16.954;-1.974;39.191;1.267;-15.463;37.932;5.182;-17.527;27.090;13.989;-19.807;15.106;23.723;-16.250;26.594;27.415;-12.293;40.279;31.726;-11.491;39.826;33.413;-7.816;45.097;36.172;-7.085;47.218;35.131;-6.236;49.475;33.971;-5.811;50.925;33.255;-12.247;40.190;33.303;-10.093;45.702;37.027;-8.306;48.957;35.279;-7.145;51.608;34.714;-6.307;53.429;34.306;-12.444;40.998;31.947;-12.252;46.729;36.307;-9.979;49.852;35.144;-8.626;52.819;34.260;-7.628;54.709;33.908;-13.296;41.197;31.452;-14.093;47.640;34.924;-11.992;50.853;34.267;-10.415;53.171;33.687;-9.073;54.722;33.451;-12.871;42.813;31.808;-12.063;46.498;31.241;-10.074;48.398;31.716;-9.165;50.980;31.154;1.241;39.251;0.989;15.146;37.027;2.095;20.241;25.214;8.949;25.872;12.157;16.524;13.104;11.199;19.293;-2.359;10.093;23.160;-2.509;9.176;25.071;-7.493;4.874;26.985;-9.458;2.833;27.634;-11.024;0.855;28.030;-12.270;-0.282;28.285;-2.882;9.537;24.318;-8.840;6.237;25.654;-11.722;3.013;25.613;-13.731;0.348;25.626;-15.104;-1.237;25.575;-3.719;9.422;22.862;-10.416;7.034;23.930;-13.697;3.912;24.238;-15.651;1.650;24.225;-17.079;0.008;24.023;-3.884;9.796;22.037;-10.951;7.523;21.566;-13.795;4.949;21.511;-15.469;2.988;21.753;-16.900;1.283;21.855;-4.514;9.081;21.473;-7.404;7.007;19.476;-9.621;4.641;19.076;-11.460;3.484;17.388;0.000;0.000;0.000;-7.421;-12.129;2.535;-9.400;-24.843;20.131;-11.719;-39.770;40.786;-10.219;-71.525;7.220;7.698;-12.344;0.882;12.492;-25.603;18.352;18.117;-41.169;38.861;12.014;-71.611;5.336
1324.000;52.960;-0.083;7.701;-1.278;-0.082;15.096;-0.774;0.020;28.371;2.274;-0.162;44.262;2.808;0.242;48.144;6.648;0.870;53.898;9.572;-5.779;58.119;11.139;7.829;57.858;8.970;-1.012;60.141;17.927;5.486;60.016;16.892;-1.836;39.163;1.228;-15.357;37.938;4.936;-18.555;26.889;13.204;-22.090;14.676;22.342;-17.643;25.599;26.691;-12.620;38.607;31.829;-11.831;38.025;33.507;-7.170;42.774;36.232;-5.958;44.881;35.504;-4.565;46.975;34.790;-3.824;48.373;34.250;-12.496;38.522;33.341;-9.336;43.902;37.012;-6.853;46.914;35.698;-5.135;49.302;35.449;-3.994;50.989;35.261;-12.635;39.280;32.132;-11.196;45.318;36.221;-8.504;48.205;35.321;-6.731;51.032;34.773;-5.490;52.799;34.601;-13.437;39.634;31.607;-12.821;46.497;34.791;-10.383;49.499;34.412;-8.572;51.653;34.107;-7.068;53.061;33.964;-12.869;41.395;31.799;-11.763;44.935;30.793;-9.499;46.664;30.871;-8.560;49.135;29.964;1.381;39.209;0.970;15.291;36.860;2.114;20.653;24.817;8.415;26.580;11.506;15.379;14.079;10.310;19.202;-1.027;8.841;24.335;-0.969;7.734;26.136;-5.724;3.170;27.996;-7.471;0.898;28.554;-8.789;-1.238;28.834;-9.900;-2.522;28.999;-1.414;8.171;25.468;-7.217;4.660;27.021;-9.671;1.062;26.678;-11.333;-1.766;26.358;-12.461;-3.510;26.064;-2.419;8.149;24.141;-8.902;5.619;25.492;-11.837;2.155;25.437;-13.474;-0.356;25.203;-14.736;-2.084;24.757;-2.654;8.606;23.378;-9.646;6.416;23.235;-12.269;3.607;23.008;-13.761;1.496;23.008;-15.047;-0.324;22.958;-3.260;7.982;22.758;-6.316;6.138;20.804;-8.720;3.860;20.529;-10.541;2.779;18.771;0.000;0.000;0.000;-7.430;-12.128;2.511;-9.387;-24.855;20.099;-11.681;-39.797;40.745;-10.202;-71.541;7.176;7.691;-12.350;0.870;12.492;-25.614;18.335;18.126;-41.186;38.838;12.017;-71.615;5.309
1325.000;53.000;-0.077;7.695;-1.259;-0.057;15.080;-0.748;0.094;28.333;2.304;-0.022;44.224;2.855;0.356;48.129;6.675;0.944;53.962;9.511;-5.734;58.192;10.922;7.915;57.918;9.026;-1.102;60.250;17.793;5.415;60.119;16.887;-1.707;39.134;1.257;-15.259;37.922;4.704;-19.691;26.661;12.161;-24.590;14.215;20.403;-19.183;24.263;25.658;-13.013;36.237;31.919;-12.340;35.515;33.574;-6.721;39.281;36.268;-5.082;41.139;35.810;-3.242;42.883;35.338;-2.209;44.092;34.821;-12.902;36.129;33.423;-8.557;40.790;37.055;-5.497;43.420;36.149;-3.338;45.442;36.050;-1.816;46.806;35.998;-12.948;36.934;32.170;-10.050;42.675;36.280;-6.874;45.081;35.649;-4.567;47.539;35.361;-3.025;49.059;35.398;-13.688;37.447;31.694;-11.472;44.140;34.899;-8.628;46.759;34.733;-6.454;48.587;34.527;-4.727;49.718;34.483;-12.803;39.142;31.900;-11.282;42.464;30.729;-8.815;43.950;30.588;-7.761;46.358;29.641;1.512;39.166;1.022;15.427;36.708;2.189;21.176;24.415;7.742;27.531;10.829;13.879;15.441;9.471;18.887;0.880;7.756;25.419;1.094;6.524;27.086;-3.465;1.912;29.170;-5.117;-0.432;29.679;-6.384;-2.614;29.819;-7.404;-3.978;29.916;0.578;7.026;26.522;-5.078;3.556;28.503;-7.505;-0.038;28.031;-9.057;-2.905;27.488;-10.102;-4.665;27.030;-0.533;7.112;25.404;-6.856;4.670;27.264;-9.779;1.159;27.158;-11.393;-1.314;26.759;-12.625;-3.046;26.250;-0.837;7.621;24.699;-7.845;5.677;25.194;-10.563;2.963;25.016;-12.047;0.841;25.107;-13.357;-0.958;24.982;-1.539;7.131;24.088;-4.805;5.404;22.377;-7.366;3.301;22.331;-9.325;2.255;20.706;0.000;0.000;0.000;-7.432;-12.135;2.473;-9.376;-24.867;20.058;-11.653;-39.816;40.701;-10.178;-71.556;7.134;7.690;-12.352;0.845;12.498;-25.618;18.315;18.140;-41.192;38.824;12.037;-71.610;5.274
1326.000;53.040;-0.067;7.692;-1.235;-0.031;15.068;-0.702;0.158;28.300;2.383;0.088;44.190;2.958;0.441;48.113;6.756;0.995;54.015;9.502;-5.699;58.265;10.767;7.983;57.954;9.131;-1.193;60.345;17.715;5.340;60.197;16.934;-1.601;39.108;1.340;-15.192;37.853;4.562;-20.816;26.392;10.943;-27.033;13.724;17.995;-20.768;22.591;24.324;-13.574;33.163;31.893;-13.073;32.258;33.495;-6.774;34.701;36.404;-4.783;36.223;36.211;-2.598;37.503;36.010;-1.318;38.509;35.624;-13.504;32.975;33.370;-8.356;36.595;37.248;-4.778;38.671;36.948;-2.262;40.240;37.053;-0.489;41.258;37.124;-13.422;33.862;32.140;-9.339;38.824;36.561;-5.733;40.678;36.433;-2.999;42.637;36.490;-1.195;43.822;36.672;-14.055;34.539;31.713;-10.404;40.542;35.229;-7.125;42.577;35.351;-4.622;43.968;35.229;-2.695;44.704;35.322;-12.748;36.000;31.974;-10.849;39.189;30.957;-8.141;40.270;30.825;-6.773;42.538;29.934;1.620;39.130;1.129;15.529;36.596;2.323;21.703;24.069;6.974;28.526;10.224;12.113;16.987;8.792;18.280;3.138;6.930;26.179;3.510;5.600;27.746;-0.955;1.167;30.280;-2.632;-1.171;30.882;-3.957;-3.333;31.006;-5.044;-4.640;31.140;2.948;6.150;27.280;-2.529;2.899;29.957;-5.177;-0.583;29.695;-6.869;-3.371;29.110;-8.045;-5.054;28.682;1.678;6.398;26.269;-4.424;4.133;28.960;-7.561;0.834;29.252;-9.230;-1.660;28.895;-10.592;-3.308;28.442;1.303;6.970;25.652;-5.621;5.280;27.084;-8.478;2.662;27.236;-10.050;0.601;27.368;-11.446;-1.135;27.431;0.489;6.541;25.239;-2.986;5.011;23.903;-5.651;2.994;24.196;-7.761;1.962;22.762;0.000;0.000;0.000;-7.440;-12.140;2.423;-9.387;-24.871;20.014;-11.668;-39.818;40.662;-10.163;-71.563;7.103;7.685;-12.357;0.817;12.490;-25.620;18.297;18.127;-41.191;38.817;12.056;-71.602;5.259
1327.000;53.080;-0.068;7.691;-1.210;-0.025;15.061;-0.637;0.184;28.275;2.546;0.135;44.164;3.162;0.470;48.095;6.915;1.010;54.069;9.524;-5.695;58.337;10.672;8.011;57.991;9.260;-1.298;60.421;17.688;5.247;60.256;17.014;-1.553;39.089;1.521;-15.183;37.743;4.558;-21.801;26.115;9.617;-29.117;13.264;15.209;-22.235;20.607;22.759;-14.300;29.389;31.784;-14.031;28.259;33.278;-7.520;29.142;36.603;-5.250;30.107;36.854;-2.764;30.940;36.776;-1.255;31.635;36.588;-14.296;29.056;33.174;-8.653;31.309;37.487;-4.764;32.721;37.645;-2.025;33.809;37.912;-0.090;34.461;38.023;-14.082;30.005;32.166;-9.094;33.731;36.962;-5.228;34.842;37.260;-2.111;36.149;37.417;-0.091;36.893;37.659;-14.545;30.842;31.766;-9.771;35.764;35.748;-6.201;37.136;36.182;-3.513;38.053;36.284;-1.474;38.363;36.379;-12.971;32.058;32.115;-10.481;34.962;31.418;-7.659;35.567;31.331;-5.948;37.685;30.704;1.669;39.106;1.328;15.584;36.523;2.512;22.146;23.790;6.139;29.398;9.716;10.148;18.552;8.181;17.447;5.575;6.143;26.669;6.089;4.696;28.093;1.817;0.452;31.174;0.124;-1.837;31.966;-1.286;-3.911;32.163;-2.408;-5.186;32.323;5.493;5.289;27.734;0.317;2.303;31.136;-2.566;-0.982;31.354;-4.493;-3.616;30.860;-5.733;-5.253;30.430;4.143;5.680;26.967;-1.602;3.638;30.501;-4.897;0.508;31.184;-6.760;-1.843;30.918;-8.253;-3.396;30.549;3.716;6.300;26.436;-3.024;4.913;28.840;-5.977;2.443;29.323;-7.580;0.459;29.607;-9.001;-1.253;29.734;2.845;5.922;26.099;-0.898;4.655;25.260;-3.634;2.789;25.929;-5.947;1.809;24.806;0.000;0.000;0.000;-7.434;-12.151;2.386;-9.407;-24.874;19.985;-11.720;-39.812;40.644;-10.165;-71.567;7.092;7.694;-12.352;0.805;12.475;-25.617;18.295;18.084;-41.189;38.827;12.061;-71.601;5.260
1328.000;53.120;-0.068;7.698;-1.180;-0.029;15.067;-0.560;0.168;28.271;2.724;0.109;44.157;3.407;0.427;48.085;7.113;0.964;54.117;9.583;-5.741;58.409;10.629;7.980;58.018;9.392;-1.428;60.506;17.693;5.124;60.320;17.103;-1.568;39.089;1.736;-15.245;37.607;4.597;-22.559;25.884;8.197;-30.644;12.926;12.176;-23.469;18.427;20.967;-15.170;25.012;31.472;-15.201;23.717;32.818;-8.875;22.993;36.489;-6.507;23.294;37.029;-3.868;23.539;37.168;-2.239;23.913;37.130;-15.309;24.556;32.790;-9.583;25.226;37.547;-5.514;25.762;38.052;-2.636;26.244;38.532;-0.623;26.432;38.836;-14.895;25.558;31.934;-9.533;27.754;37.315;-5.524;27.991;37.876;-2.217;28.516;38.267;-0.090;28.767;38.590;-15.158;26.500;31.616;-9.735;29.981;36.292;-5.971;30.502;37.040;-3.175;30.773;37.349;-1.123;30.703;37.570;-13.440;27.425;32.159;-10.415;29.838;31.848;-7.572;29.988;31.943;-5.438;31.767;31.647;1.655;39.108;1.560;15.598;36.484;2.719;22.443;23.589;5.223;30.009;9.336;7.990;20.017;7.595;16.374;8.111;5.279;26.860;8.748;3.723;28.109;4.817;-0.462;31.640;3.205;-2.716;32.618;1.707;-4.781;32.836;0.554;-6.012;33.091;8.130;4.354;27.872;3.464;1.441;31.935;0.462;-1.681;32.513;-1.606;-4.239;32.128;-2.965;-5.789;31.741;6.729;4.875;27.343;1.490;2.934;31.652;-1.785;-0.113;32.744;-3.765;-2.348;32.627;-5.329;-3.831;32.263;6.267;5.548;26.917;-0.064;4.324;30.316;-3.020;2.011;31.173;-4.643;0.030;31.582;-6.129;-1.622;31.763;5.363;5.262;26.674;1.479;4.164;26.395;-1.245;2.422;27.437;-3.772;1.585;26.741;0.000;0.000;0.000;-7.435;-12.160;2.338;-9.444;-24.877;19.948;-11.798;-39.807;40.619;-10.185;-71.562;7.075;7.694;-12.354;0.775;12.449;-25.616;18.282;18.029;-41.185;38.833;12.059;-71.597;5.254
1329.000;53.160;-0.073;7.702;-1.143;-0.048;15.067;-0.470;0.117;28.253;2.934;0.029;44.135;3.700;0.330;48.058;7.363;0.884;54.145;9.699;-5.824;58.454;10.657;7.908;58.034;9.547;-1.572;60.590;17.746;4.985;60.390;17.216;-1.629;39.073;1.992;-15.337;37.437;4.627;-23.039;25.658;6.738;-31.551;12.638;9.071;-24.376;16.071;18.979;-16.049;20.219;30.792;-16.398;18.785;31.936;-10.678;16.606;35.984;-8.368;16.533;36.791;-5.787;16.237;37.195;-4.121;16.313;37.314;-16.383;19.627;32.016;-11.169;18.807;37.302;-7.119;18.533;38.176;-4.269;18.457;38.957;-2.301;18.275;39.486;-15.766;20.684;31.340;-10.677;21.319;37.384;-6.774;20.717;38.334;-3.429;20.627;38.937;-1.349;20.502;39.527;-15.858;21.704;31.133;-10.430;23.649;36.614;-6.736;23.393;37.686;-3.988;23.130;38.187;-2.006;22.591;38.390;-14.016;22.266;31.902;-10.744;24.213;32.101;-7.949;23.890;32.442;-5.524;25.274;32.562;1.594;39.098;1.836;15.590;36.460;2.959;22.577;23.446;4.268;30.301;9.063;5.715;21.319;7.053;15.091;10.651;4.382;26.735;11.432;2.758;27.807;7.935;-1.483;31.702;6.422;-3.726;32.800;4.882;-5.783;33.057;3.722;-6.994;33.371;10.810;3.418;27.693;6.720;0.462;32.310;3.760;-2.675;33.105;1.609;-5.161;32.853;0.181;-6.670;32.561;9.392;3.931;27.441;4.761;2.018;32.364;1.643;-1.051;33.845;-0.400;-3.246;33.802;-2.017;-4.694;33.540;8.875;4.608;27.090;3.056;3.487;31.308;0.247;1.153;32.509;-1.348;-0.803;33.053;-2.834;-2.440;33.336;7.928;4.425;26.895;4.014;3.468;27.229;1.419;1.703;28.610;-1.211;0.988;28.231;0.000;0.000;0.000;-7.431;-12.174;2.280;-9.471;-24.888;19.905;-11.863;-39.815;40.594;-10.213;-71.578;7.062;7.702;-12.351;0.742;12.432;-25.615;18.262;17.983;-41.187;38.829;12.046;-71.596;5.248
1330.000;53.200;-0.080;7.710;-1.104;-0.069;15.073;-0.375;0.063;28.245;3.153;-0.058;44.121;4.011;0.227;48.032;7.617;0.814;54.175;9.789;-5.900;58.489;10.677;7.838;58.062;9.662;-1.695;60.667;17.782;4.865;60.463;17.297;-1.695;39.067;2.261;-15.452;37.306;4.701;-23.144;25.443;5.346;-31.646;12.332;6.059;-24.842;13.657;16.836;-16.953;15.322;29.653;-17.595;13.811;30.564;-12.865;10.607;35.089;-10.694;10.092;36.118;-8.259;9.488;36.893;-6.624;9.350;37.215;-17.468;14.635;30.710;-13.206;12.747;36.524;-9.378;11.861;37.815;-6.704;11.323;38.903;-4.836;10.877;39.607;-16.731;15.661;30.303;-12.426;15.175;36.909;-8.827;13.946;38.275;-5.655;13.326;39.248;-3.674;12.802;39.948;-16.641;16.754;30.153;-11.816;17.518;36.405;-8.406;16.641;37.924;-5.769;15.964;38.691;-3.962;15.075;39.148;-14.818;17.005;31.177;-11.459;18.557;31.962;-8.744;17.684;32.604;-6.260;18.790;33.250;1.530;39.098;2.130;15.566;36.433;3.204;22.556;23.373;3.296;30.282;8.939;3.398;22.432;6.598;13.641;13.164;3.523;26.297;14.039;1.823;27.193;11.078;-2.453;31.418;9.666;-4.759;32.581;8.131;-6.806;32.951;7.014;-8.023;33.377;13.413;2.488;27.178;9.962;-0.517;32.235;7.120;-3.680;33.276;4.903;-6.124;33.147;3.443;-7.619;32.969;11.937;3.092;27.109;8.040;1.066;32.573;5.075;-2.015;34.290;3.037;-4.203;34.414;1.401;-5.646;34.287;11.412;3.811;26.873;6.244;2.591;31.818;3.609;0.242;33.295;2.047;-1.722;33.912;0.595;-3.369;34.295;10.492;3.651;26.914;6.644;2.720;27.646;4.237;0.880;29.300;1.560;0.245;29.265;0.000;0.000;0.000;-7.424;-12.189;2.222;-9.475;-24.896;19.857;-11.879;-39.816;40.558;-10.214;-71.594;7.032;7.710;-12.348;0.699;12.437;-25.609;18.227;17.983;-41.178;38.804;12.061;-71.593;5.227
1331.000;53.240;-0.092;7.720;-1.062;-0.095;15.083;-0.273;0.005;28.241;3.385;-0.152;44.111;4.350;0.125;48.004;7.892;0.748;54.197;9.886;-5.971;58.518;10.708;7.773;58.084;9.770;-1.805;60.744;17.820;4.758;60.537;17.372;-1.769;39.065;2.557;-15.584;37.174;4.861;-22.829;25.148;4.082;-30.835;11.855;3.221;-24.890;11.379;14.644;-18.007;10.918;28.199;-18.819;9.376;28.889;-15.001;5.540;33.796;-13.067;4.826;35.124;-10.889;3.984;36.334;-9.388;3.690;37.009;-18.658;10.176;29.111;-15.451;7.641;35.327;-11.901;6.402;37.104;-9.526;5.573;38.616;-7.872;4.953;39.646;-17.798;11.206;28.863;-14.547;10.003;35.941;-11.266;8.464;37.723;-8.327;7.570;39.155;-6.545;6.867;40.164;-17.657;12.303;28.812;-13.796;12.335;35.706;-10.668;11.104;37.619;-8.262;10.176;38.780;-6.614;9.164;39.502;-16.031;12.398;30.151;-12.708;13.663;31.386;-10.228;12.632;32.288;-7.774;13.570;33.240;1.456;39.104;2.443;15.523;36.405;3.432;22.379;23.357;2.370;29.958;8.935;1.196;23.298;6.232;12.145;15.503;2.708;25.615;16.407;1.031;26.387;13.992;-3.311;30.874;12.615;-5.602;32.139;11.114;-7.614;32.676;10.010;-8.802;33.205;15.819;1.722;26.498;13.040;-1.340;31.883;10.268;-4.488;33.189;7.932;-6.878;33.207;6.416;-8.327;33.220;14.414;2.255;26.597;11.221;0.289;32.489;8.435;-2.818;34.446;6.350;-4.930;34.722;4.688;-6.349;34.722;13.877;2.986;26.436;9.379;1.893;31.982;6.865;-0.488;33.658;5.357;-2.483;34.358;3.956;-4.144;34.853;12.942;2.817;26.508;9.224;2.082;27.905;7.012;0.466;29.871;4.283;0.179;30.073;0.000;0.000;0.000;-7.408;-12.210;2.154;-9.452;-24.913;19.802;-11.847;-39.827;40.518;-10.192;-71.605;6.994;7.729;-12.339;0.654;12.464;-25.604;18.187;18.020;-41.177;38.769;12.088;-71.596;5.198
1332.000;53.280;-0.099;7.732;-1.009;-0.121;15.094;-0.159;-0.072;28.233;3.620;-0.288;44.097;4.683;-0.016;47.976;8.154;0.649;54.226;9.953;-6.061;58.568;10.721;7.685;58.095;9.832;-1.913;60.836;17.831;4.651;60.611;17.406;-1.882;39.056;2.853;-15.758;36.990;5.021;-22.252;24.789;2.961;-29.429;11.305;0.684;-24.573;9.493;12.550;-18.999;7.433;26.611;-19.683;5.755;27.044;-16.144;1.901;32.202;-14.371;1.408;33.858;-12.518;0.735;35.537;-11.181;0.553;36.526;-19.682;6.538;27.365;-17.095;3.782;33.747;-13.763;2.917;36.023;-11.569;2.250;37.891;-10.065;1.768;39.191;-18.866;7.689;27.299;-16.737;6.203;34.716;-13.514;4.960;36.871;-10.728;4.345;38.661;-9.014;3.785;39.861;-18.883;8.801;27.359;-16.219;8.590;34.739;-13.253;7.581;36.989;-10.894;6.789;38.377;-9.225;5.955;39.261;-17.507;8.931;28.960;-14.735;10.587;30.774;-12.274;9.722;32.028;-10.151;10.778;33.506;1.344;39.107;2.751;15.447;36.420;3.649;22.034;23.422;1.540;29.315;9.057;-0.791;23.844;6.009;10.695;17.504;2.037;24.765;18.372;0.259;25.360;16.362;-3.995;30.108;15.010;-6.160;31.575;13.439;-8.057;32.343;12.338;-9.164;33.032;17.856;0.984;25.567;15.716;-1.983;31.250;12.978;-4.881;33.055;10.558;-7.136;33.538;8.962;-8.461;33.848;16.515;1.680;25.863;14.187;-0.211;32.185;11.490;-3.162;34.535;9.321;-5.135;35.115;7.576;-6.422;35.389;16.028;2.460;25.809;12.401;1.515;31.975;9.996;-0.724;33.991;8.487;-2.661;34.864;7.019;-4.199;35.532;15.123;2.332;25.989;11.608;1.959;27.950;9.520;0.769;30.189;6.850;1.200;30.698;0.000;0.000;0.000;-7.404;-12.227;2.072;-9.427;-24.930;19.732;-11.797;-39.845;40.462;-10.159;-71.615;6.933;7.733;-12.340;0.576;12.483;-25.608;18.120;18.057;-41.185;38.715;12.112;-71.609;5.141
1333.000;53.320;-0.117;7.738;-0.969;-0.161;15.095;-0.068;-0.156;28.215;3.823;-0.489;44.070;4.984;-0.232;47.933;8.381;0.472;54.235;9.974;-6.208;58.627;10.731;7.532;58.058;9.801;-2.021;60.921;17.810;4.540;60.649;17.366;-2.039;39.030;3.116;-15.976;36.765;5.119;-21.534;24.425;2.025;-27.677;10.786;-1.394;-23.886;8.187;10.713;-19.618;5.132;25.008;-20.089;3.362;25.345;-16.694;-0.095;30.884;-15.061;-0.304;32.732;-13.315;-0.630;34.665;-12.126;-0.618;35.841;-20.257;4.121;25.679;-18.112;1.592;32.300;-14.984;1.214;34.975;-13.020;0.830;37.155;-11.652;0.564;38.652;-19.594;5.365;25.698;-18.234;3.959;33.315;-15.154;3.178;35.849;-12.639;2.894;38.058;-11.061;2.579;39.508;-19.826;6.429;25.777;-18.149;6.423;33.448;-15.407;5.705;36.133;-13.250;5.228;37.884;-11.633;4.663;39.037;-18.686;6.756;27.578;-16.738;8.952;29.758;-14.444;8.563;31.500;-12.835;9.848;33.389;1.187;39.104;3.028;15.347;36.477;3.884;21.480;23.537;0.855;28.258;9.235;-2.492;23.978;5.886;9.390;19.096;1.512;23.876;19.759;-0.416;24.307;18.002;-4.385;29.380;16.597;-6.334;31.069;14.915;-8.004;32.153;13.832;-8.948;33.072;19.375;0.364;24.589;17.904;-2.266;30.638;15.090;-4.822;32.898;12.663;-6.748;34.054;11.025;-7.863;34.742;18.238;1.257;25.105;16.741;-0.389;31.740;14.178;-2.931;34.615;11.921;-4.632;35.653;10.092;-5.648;36.286;17.868;2.100;25.132;15.202;1.576;31.838;12.981;-0.379;34.299;11.405;-2.047;35.479;9.918;-3.425;36.404;16.993;2.183;25.524;13.914;2.730;28.038;11.964;2.274;30.649;9.777;3.753;31.424;0.000;0.000;0.000;-7.379;-12.252;2.013;-9.396;-24.970;19.666;-11.759;-39.902;40.390;-10.152;-71.656;6.858;7.759;-12.326;0.529;12.501;-25.623;18.061;18.065;-41.233;38.643;12.116;-71.651;5.070
1334.000;53.360;-0.123;7.758;-0.934;-0.190;15.125;0.007;-0.246;28.251;3.973;-0.704;44.095;5.230;-0.480;47.932;8.561;0.225;54.257;9.993;-6.413;58.708;10.773;7.311;58.023;9.715;-2.141;61.036;17.789;4.413;60.709;17.283;-2.204;39.056;3.319;-16.186;36.642;5.118;-20.828;24.189;1.337;-25.959;10.426;-2.842;-22.979;7.518;9.401;-19.685;4.063;23.807;-20.048;2.237;24.167;-16.892;-0.602;30.243;-15.564;-0.485;32.323;-14.091;-0.620;34.477;-13.092;-0.418;35.803;-20.333;2.980;24.454;-18.589;0.915;31.360;-15.784;1.007;34.392;-14.128;0.990;36.816;-12.931;0.943;38.473;-19.682;4.351;24.491;-19.100;3.271;32.224;-16.277;2.922;35.097;-13.866;3.096;37.512;-12.461;2.980;39.155;-20.061;5.360;24.500;-19.275;5.747;32.249;-16.750;5.431;35.163;-14.630;5.257;37.099;-13.100;4.817;38.413;-19.196;5.803;26.368;-17.948;8.367;28.600;-15.903;8.380;30.649;-14.671;9.845;32.685;1.022;39.154;3.254;15.229;36.590;4.117;20.779;23.691;0.377;26.913;9.433;-3.757;23.628;5.900;8.345;20.001;1.318;23.115;20.303;-0.699;23.473;18.844;-4.331;28.868;17.383;-5.890;30.904;15.674;-7.132;32.389;14.561;-7.768;33.514;20.159;0.136;23.816;19.370;-2.270;30.042;16.740;-4.126;33.023;14.224;-5.525;34.717;12.592;-6.295;35.785;19.359;1.197;24.467;18.907;-0.247;31.312;16.533;-2.241;34.736;14.205;-3.447;36.248;12.382;-4.073;37.278;19.188;2.098;24.550;17.890;1.993;31.690;15.921;0.527;34.656;14.317;-0.852;36.185;12.808;-1.871;37.470;18.403;2.498;25.044;16.593;4.275;28.134;15.461;4.589;31.213;14.362;6.772;32.479;0.000;0.000;0.000;-7.380;-12.262;1.946;-9.395;-25.003;19.595;-11.757;-39.962;40.312;-10.167;-71.714;6.770;7.760;-12.328;0.478;12.489;-25.642;18.006;18.038;-41.273;38.582;12.090;-71.681;5.001
1335.000;53.400;-0.124;7.781;-0.912;-0.205;15.165;0.050;-0.304;28.313;4.053;-0.872;44.149;5.376;-0.693;47.954;8.653;-0.025;54.276;9.972;-6.627;58.771;10.810;7.078;57.999;9.568;-2.244;61.127;17.748;4.301;60.759;17.155;-2.324;39.109;3.431;-16.337;36.581;5.021;-20.315;24.032;0.919;-24.712;10.163;-3.614;-22.146;7.270;8.715;-19.353;3.783;23.169;-19.469;1.919;23.577;-16.549;-0.228;30.034;-15.465;0.268;32.224;-14.243;0.470;34.544;-13.460;0.905;35.956;-19.862;2.633;23.804;-18.571;1.093;30.940;-15.970;1.828;34.129;-14.518;2.189;36.661;-13.488;2.428;38.411;-19.461;4.106;23.816;-19.422;3.372;31.597;-16.732;3.602;34.646;-14.569;4.257;37.203;-13.307;4.447;38.953;-19.990;5.037;23.749;-19.880;5.793;31.472;-17.527;5.954;34.528;-15.519;6.187;36.574;-13.961;6.056;37.923;-19.292;5.660;25.658;-18.898;8.532;27.745;-17.113;9.015;30.021;-16.414;10.699;32.138;0.901;39.227;3.393;15.150;36.730;4.315;20.039;23.798;0.140;25.443;9.505;-4.474;23.038;6.037;7.805;20.446;1.467;22.734;20.320;-0.559;23.116;18.902;-3.820;28.781;17.497;-4.908;31.151;15.834;-5.651;32.990;14.861;-5.985;34.351;20.455;0.275;23.464;20.133;-1.964;29.784;17.834;-3.149;33.304;15.447;-3.831;35.548;13.973;-4.171;37.000;19.982;1.481;24.179;20.514;0.086;31.040;18.393;-1.291;34.929;16.230;-1.891;36.945;14.562;-2.059;38.347;20.064;2.394;24.268;20.183;2.511;31.524;18.499;1.550;34.874;16.976;0.591;36.746;15.528;-0.001;38.333;19.511;3.065;24.895;19.557;5.494;27.944;19.380;6.005;31.256;19.511;8.336;32.713;0.000;0.000;0.000;-7.389;-12.265;1.896;-9.406;-25.033;19.535;-11.770;-40.023;40.241;-10.192;-71.768;6.687;7.753;-12.333;0.444;12.469;-25.666;17.960;18.003;-41.318;38.523;12.047;-71.714;4.926
1336.000;53.440;-0.126;7.803;-0.901;-0.210;15.204;0.072;-0.318;28.380;4.098;-0.985;44.209;5.448;-0.853;47.992;8.675;-0.231;54.308;9.900;-6.805;58.826;10.821;6.879;58.005;9.388;-2.317;61.182;17.692;4.217;60.790;17.008;-2.394;39.165;3.482;-16.418;36.557;4.931;-20.114;23.922;0.808;-24.199;9.956;-3.749;-21.663;7.243;8.617;-18.910;3.924;23.082;-18.855;2.052;23.570;-15.954;0.590;30.179;-14.863;1.415;32.366;-13.790;1.854;34.683;-13.120;2.464;36.088;-19.354;2.711;23.752;-17.984;1.695;30.973;-15.609;2.905;34.147;-14.292;3.576;36.692;-13.378;4.028;38.465;-19.019;4.373;23.685;-19.170;3.842;31.506;-16.588;4.581;34.563;-14.653;5.571;37.176;-13.481;5.998;38.947;-19.659;5.156;23.575;-19.899;6.199;31.249;-17.681;6.796;34.394;-15.871;7.281;36.527;-14.416;7.413;37.986;-19.095;5.890;25.423;-19.485;8.848;27.325;-18.087;9.821;29.701;-17.783;11.605;31.830;0.831;39.302;3.469;15.116;36.871;4.461;19.375;23.845;0.143;24.082;9.448;-4.631;22.354;6.162;7.783;20.550;1.766;22.824;20.044;-0.207;23.313;18.845;-2.901;29.326;17.582;-3.497;31.942;16.039;-3.704;34.041;15.191;-3.778;35.519;20.394;0.588;23.596;20.632;-1.425;29.995;18.678;-1.839;33.913;16.580;-1.870;36.544;15.358;-1.852;38.249;20.270;1.847;24.310;21.558;0.487;31.057;19.820;-0.205;35.309;17.956;-0.280;37.665;16.512;-0.033;39.287;20.543;2.725;24.344;21.828;2.992;31.457;20.538;2.481;35.059;19.108;1.949;37.202;17.811;1.706;38.999;20.375;3.537;25.047;21.643;6.001;27.704;22.319;6.583;30.888;23.292;8.763;32.256;0.000;0.000;0.000;-7.387;-12.269;1.873;-9.408;-25.052;19.508;-11.777;-40.059;40.208;-10.218;-71.792;6.641;7.755;-12.333;0.423;12.460;-25.681;17.931;17.980;-41.352;38.484;12.024;-71.729;4.886
1337.000;53.480;-0.124;7.812;-0.895;-0.218;15.219;0.081;-0.353;28.405;4.107;-1.058;44.236;5.416;-0.942;48.019;8.604;-0.351;54.337;9.755;-6.908;58.863;10.756;6.759;58.025;9.181;-2.346;61.192;17.588;4.180;60.792;16.835;-2.454;39.183;3.462;-16.474;36.535;4.912;-20.226;23.851;0.939;-24.373;9.831;-3.452;-21.612;7.310;8.899;-18.597;4.219;23.348;-18.509;2.338;23.885;-15.490;1.156;30.513;-14.489;2.085;32.650;-13.356;2.665;34.925;-12.686;3.368;36.287;-19.009;3.001;24.051;-17.587;2.210;31.275;-15.147;3.605;34.342;-13.829;4.424;36.845;-12.859;4.961;38.563;-18.723;4.678;23.932;-18.808;4.407;31.755;-16.160;5.226;34.718;-14.198;6.358;37.257;-12.985;6.852;38.981;-19.377;5.465;23.810;-19.542;6.703;31.429;-17.260;7.415;34.516;-15.451;7.991;36.619;-13.980;8.124;38.062;-18.742;6.254;25.590;-19.311;9.254;27.360;-17.982;10.371;29.709;-17.702;12.222;31.784;0.770;39.328;3.451;15.085;36.938;4.490;19.029;23.829;0.285;23.389;9.340;-4.362;21.936;6.295;8.124;20.441;2.175;23.234;19.763;0.256;23.847;18.879;-2.030;30.077;17.804;-2.395;32.838;16.489;-2.336;35.071;15.808;-2.245;36.632;20.191;1.031;24.074;20.790;-0.728;30.489;19.399;-0.822;34.660;17.591;-0.568;37.502;16.554;-0.310;39.307;20.276;2.351;24.712;21.908;1.103;31.423;20.715;0.717;35.871;19.117;0.924;38.422;17.905;1.362;40.187;20.636;3.198;24.691;22.483;3.579;31.680;21.576;3.338;35.412;20.299;3.055;37.704;19.117;3.038;39.593;20.593;4.028;25.329;22.363;6.433;27.728;23.415;7.033;30.836;24.725;9.136;32.033;0.000;0.000;0.000;-7.396;-12.266;1.857;-9.409;-25.055;19.493;-11.768;-40.071;40.196;-10.222;-71.791;6.620;7.746;-12.339;0.410;12.457;-25.694;17.912;17.985;-41.374;38.458;12.004;-71.745;4.850
1338.000;53.520;-0.131;7.808;-0.889;-0.235;15.212;0.084;-0.394;28.389;4.094;-1.087;44.226;5.336;-0.960;48.024;8.495;-0.366;54.356;9.583;-6.899;58.905;10.635;6.755;58.018;8.980;-2.290;61.195;17.448;4.230;60.772;16.658;-2.492;39.165;3.409;-16.502;36.540;4.950;-20.404;23.832;1.148;-24.718;9.786;-3.055;-21.817;7.438;9.280;-18.454;4.408;23.680;-18.383;2.533;24.257;-15.178;1.431;30.814;-14.215;2.373;32.908;-12.893;3.028;35.121;-12.185;3.741;36.458;-18.871;3.204;24.423;-17.240;2.543;31.611;-14.667;3.963;34.544;-13.264;4.820;36.976;-12.203;5.382;38.630;-18.536;4.916;24.266;-18.396;4.780;32.071;-15.665;5.614;34.908;-13.584;6.758;37.330;-12.272;7.292;38.968;-19.196;5.709;24.144;-19.155;7.067;31.718;-16.729;7.801;34.679;-14.828;8.440;36.687;-13.274;8.528;38.043;-18.523;6.508;25.859;-19.058;9.561;27.553;-17.686;10.755;29.804;-17.357;12.648;31.833;0.733;39.308;3.387;15.048;36.933;4.426;19.135;23.785;0.421;23.652;9.252;-4.006;22.062;6.462;8.505;20.415;2.650;23.648;19.725;0.731;24.316;18.850;-1.394;30.618;17.853;-1.699;33.400;16.602;-1.634;35.658;15.918;-1.500;37.215;20.136;1.520;24.526;20.753;-0.050;30.983;19.473;-0.180;35.191;17.769;0.077;38.081;16.756;0.353;39.896;20.254;2.927;25.102;21.877;1.778;31.871;20.821;1.464;36.365;19.246;1.689;38.945;18.071;2.149;40.729;20.627;3.768;25.059;22.424;4.290;32.057;21.540;4.160;35.790;20.228;3.964;38.087;19.046;4.014;39.975;20.570;4.556;25.709;22.328;7.056;27.974;23.352;7.821;31.033;24.730;9.958;32.085;0.000;0.000;0.000;-7.388;-12.273;1.844;-9.374;-25.062;19.488;-11.701;-40.077;40.200;-10.173;-71.781;6.606;7.754;-12.334;0.394;12.498;-25.691;17.891;18.064;-41.371;38.431;12.063;-71.737;4.831
1339.000;53.560;-0.131;7.808;-0.889;-0.235;15.212;0.084;-0.394;28.389;4.094;-1.087;44.226;5.336;-0.960;48.024;8.495;-0.366;54.356;9.583;-6.899;58.905;10.635;6.755;58.018;8.980;-2.290;61.195;17.448;4.230;60.772;16.658;-2.492;39.165;3.409;-16.502;36.540;4.950;-20.404;23.832;1.148;-24.718;9.786;-3.055;-21.817;7.438;9.280;-18.454;4.408;23.680;-18.383;2.533;24.257;-15.178;1.431;30.814;-14.215;2.373;32.908;-12.893;3.028;35.121;-12.185;3.741;36.458;-18.871;3.204;24.423;-17.240;2.543;31.611;-14.667;3.963;34.544;-13.264;4.820;36.976;-12.203;5.382;38.630;-18.536;4.916;24.266;-18.396;4.780;32.071;-15.665;5.614;34.908;-13.584;6.758;37.330;-12.272;7.292;38.968;-19.196;5.709;24.144;-19.155;7.067;31.718;-16.729;7.801;34.679;-14.828;8.440;36.687;-13.274;8.528;38.043;-18.523;6.508;25.859;-19.058;9.561;27.553;-17.686;10.755;29.804;-17.357;12.648;31.833;0.733;39.308;3.387;15.048;36.933;4.426;19.135;23.785;0.421;23.652;9.252;-4.006;22.062;6.462;8.505;20.415;2.650;23.648;19.725;0.731;24.316;18.850;-1.394;30.618;17.853;-1.699;33.400;16.602;-1.634;35.658;15.918;-1.500;37.215;20.136;1.520;24.526;20.753;-0.050;30.983;19.473;-0.180;35.191;17.769;0.077;38.081;16.756;0.353;39.896;20.254;2.927;25.102;21.877;1.778;31.871;20.821;1.464;36.365;19.246;1.689;38.945;18.071;2.149;40.729;20.627;3.768;25.059;22.424;4.290;32.057;21.540;4.160;35.790;20.228;3.964;38.087;19.046;4.014;39.975;20.570;4.556;25.709;22.328;7.056;27.974;23.352;7.821;31.033;24.730;9.958;32.085;0.000;0.000;0.000;-7.388;-12.273;1.844;-9.374;-25.062;19.488;-11.701;-40.077;40.200;-10.173;-71.781;6.606;7.754;-12.334;0.394;12.498;-25.691;17.891;18.064;-41.371;38.431;12.063;-71.737;4.831
